job_id,embedding_row
J_000000,0
J_000001,1
J_000002,2
J_000003,3
J_000004,4
J_000005,5
J_000006,6
J_000007,7
J_000008,8
J_000009,9
J_000010,10
J_000011,11
J_000012,12
J_000013,13
J_000014,14
J_000015,15
J_000016,16
J_000017,17
J_000018,18
J_000019,19
J_000020,20
J_000021,21
J_000022,22
J_000023,23
J_000024,24
J_000025,25
J_000026,26
J_000027,27
J_000028,28
J_000029,29
J_000030,30
J_000031,31
J_000032,32
J_000033,33
J_000034,34
J_000035,35
J_000036,36
J_000037,37
J_000038,38
J_000039,39
J_000040,40
J_000041,41
J_000042,42
J_000043,43
J_000044,44
J_000045,45
J_000046,46
J_000047,47
J_000048,48
J_000049,49
J_000050,50
J_000051,51
J_000052,52
J_000053,53
J_000054,54
J_000055,55
J_000056,56
J_000057,57
J_000058,58
J_000059,59
J_000060,60
J_000061,61
J_000062,62
J_000063,63
J_000064,64
J_000065,65
J_000066,66
J_000067,67
J_000068,68
J_000069,69
J_000070,70
J_000071,71
J_000072,72
J_000073,73
J_000074,74
J_000075,75
J_000076,76
J_000077,77
J_000078,78
J_000079,79
J_000080,80
J_000081,81
J_000082,82
J_000083,83
J_000084,84
J_000085,85
J_000086,86
J_000087,87
J_000088,88
J_000089,89
J_000090,90
J_000091,91
J_000092,92
J_000093,93
J_000094,94
J_000095,95
J_000096,96
J_000097,97
J_000098,98
J_000099,99
J_000100,100
J_000101,101
J_000102,102
J_000103,103
J_000104,104
J_000105,105
J_000106,106
J_000107,107
J_000108,108
J_000109,109
J_000110,110
J_000111,111
J_000112,112
J_000113,113
J_000114,114
J_000115,115
J_000116,116
J_000117,117
J_000118,118
J_000119,119
J_000120,120
J_000121,121
J_000122,122
J_000123,123
J_000124,124
J_000125,125
J_000126,126
J_000127,127
J_000128,128
J_000129,129
J_000130,130
J_000131,131
J_000132,132
J_000133,133
J_000134,134
J_000135,135
J_000136,136
J_000137,137
J_000138,138
J_000139,139
J_000140,140
J_000141,141
J_000142,142
J_000143,143
J_000144,144
J_000145,145
J_000146,146
J_000147,147
J_000148,148
J_000149,149
J_000150,150
J_000151,151
J_000152,152
J_000153,153
J_000154,154
J_000155,155
J_000156,156
J_000157,157
J_000158,158
J_000159,159
J_000160,160
J_000161,161
J_000162,162
J_000163,163
J_000164,164
J_000165,165
J_000166,166
J_000167,167
J_000168,168
J_000169,169
J_000170,170
J_000171,171
J_000172,172
J_000173,173
J_000174,174
J_000175,175
J_000176,176
J_000177,177
J_000178,178
J_000179,179
J_000180,180
J_000181,181
J_000182,182
J_000183,183
J_000184,184
J_000185,185
J_000186,186
J_000187,187
J_000188,188
J_000189,189
J_000190,190
J_000191,191
J_000192,192
J_000193,193
J_000194,194
J_000195,195
J_000196,196
J_000197,197
J_000198,198
J_000199,199
J_000200,200
J_000201,201
J_000202,202
J_000203,203
J_000204,204
J_000205,205
J_000206,206
J_000207,207
J_000208,208
J_000209,209
J_000210,210
J_000211,211
J_000212,212
J_000213,213
J_000214,214
J_000215,215
J_000216,216
J_000217,217
J_000218,218
J_000219,219
J_000220,220
J_000221,221
J_000222,222
J_000223,223
J_000224,224
J_000225,225
J_000226,226
J_000227,227
J_000228,228
J_000229,229
J_000230,230
J_000231,231
J_000232,232
J_000233,233
J_000234,234
J_000235,235
J_000236,236
J_000237,237
J_000238,238
J_000239,239
J_000240,240
J_000241,241
J_000242,242
J_000243,243
J_000244,244
J_000245,245
J_000246,246
J_000247,247
J_000248,248
J_000249,249
J_000250,250
J_000251,251
J_000252,252
J_000253,253
J_000254,254
J_000255,255
J_000256,256
J_000257,257
J_000258,258
J_000259,259
J_000260,260
J_000261,261
J_000262,262
J_000263,263
J_000264,264
J_000265,265
J_000266,266
J_000267,267
J_000268,268
J_000269,269
J_000270,270
J_000271,271
J_000272,272
J_000273,273
J_000274,274
J_000275,275
J_000276,276
J_000277,277
J_000278,278
J_000279,279
J_000280,280
J_000281,281
J_000282,282
J_000283,283
J_000284,284
J_000285,285
J_000286,286
J_000287,287
J_000288,288
J_000289,289
J_000290,290
J_000291,291
J_000292,292
J_000293,293
J_000294,294
J_000295,295
J_000296,296
J_000297,297
J_000298,298
J_000299,299
J_000300,300
J_000301,301
J_000302,302
J_000303,303
J_000304,304
J_000305,305
J_000306,306
J_000307,307
J_000308,308
J_000309,309
J_000310,310
J_000311,311
J_000312,312
J_000313,313
J_000314,314
J_000315,315
J_000316,316
J_000317,317
J_000318,318
J_000319,319
J_000320,320
J_000321,321
J_000322,322
J_000323,323
J_000324,324
J_000325,325
J_000326,326
J_000327,327
J_000328,328
J_000329,329
J_000330,330
J_000331,331
J_000332,332
J_000333,333
J_000334,334
J_000335,335
J_000336,336
J_000337,337
J_000338,338
J_000339,339
J_000340,340
J_000341,341
J_000342,342
J_000343,343
J_000344,344
J_000345,345
J_000346,346
J_000347,347
J_000348,348
J_000349,349
J_000350,350
J_000351,351
J_000352,352
J_000353,353
J_000354,354
J_000355,355
J_000356,356
J_000357,357
J_000358,358
J_000359,359
J_000360,360
J_000361,361
J_000362,362
J_000363,363
J_000364,364
J_000365,365
J_000366,366
J_000367,367
J_000368,368
J_000369,369
J_000370,370
J_000371,371
J_000372,372
J_000373,373
J_000374,374
J_000375,375
J_000376,376
J_000377,377
J_000378,378
J_000379,379
J_000380,380
J_000381,381
J_000382,382
J_000383,383
J_000384,384
J_000385,385
J_000386,386
J_000387,387
J_000388,388
J_000389,389
J_000390,390
J_000391,391
J_000392,392
J_000393,393
J_000394,394
J_000395,395
J_000396,396
J_000397,397
J_000398,398
J_000399,399
J_000400,400
J_000401,401
J_000402,402
J_000403,403
J_000404,404
J_000405,405
J_000406,406
J_000407,407
J_000408,408
J_000409,409
J_000410,410
J_000411,411
J_000412,412
J_000413,413
J_000414,414
J_000415,415
J_000416,416
J_000417,417
J_000418,418
J_000419,419
J_000420,420
J_000421,421
J_000422,422
J_000423,423
J_000424,424
J_000425,425
J_000426,426
J_000427,427
J_000428,428
J_000429,429
J_000430,430
J_000431,431
J_000432,432
J_000433,433
J_000434,434
J_000435,435
J_000436,436
J_000437,437
J_000438,438
J_000439,439
J_000440,440
J_000441,441
J_000442,442
J_000443,443
J_000444,444
J_000445,445
J_000446,446
J_000447,447
J_000448,448
J_000449,449
J_000450,450
J_000451,451
J_000452,452
J_000453,453
J_000454,454
J_000455,455
J_000456,456
J_000457,457
J_000458,458
J_000459,459
J_000460,460
J_000461,461
J_000462,462
J_000463,463
J_000464,464
J_000465,465
J_000466,466
J_000467,467
J_000468,468
J_000469,469
J_000470,470
J_000471,471
J_000472,472
J_000473,473
J_000474,474
J_000475,475
J_000476,476
J_000477,477
J_000478,478
J_000479,479
J_000480,480
J_000481,481
J_000482,482
J_000483,483
J_000484,484
J_000485,485
J_000486,486
J_000487,487
J_000488,488
J_000489,489
J_000490,490
J_000491,491
J_000492,492
J_000493,493
J_000494,494
J_000495,495
J_000496,496
J_000497,497
J_000498,498
J_000499,499
J_000500,500
J_000501,501
J_000502,502
J_000503,503
J_000504,504
J_000505,505
J_000506,506
J_000507,507
J_000508,508
J_000509,509
J_000510,510
J_000511,511
J_000512,512
J_000513,513
J_000514,514
J_000515,515
J_000516,516
J_000517,517
J_000518,518
J_000519,519
J_000520,520
J_000521,521
J_000522,522
J_000523,523
J_000524,524
J_000525,525
J_000526,526
J_000527,527
J_000528,528
J_000529,529
J_000530,530
J_000531,531
J_000532,532
J_000533,533
J_000534,534
J_000535,535
J_000536,536
J_000537,537
J_000538,538
J_000539,539
J_000540,540
J_000541,541
J_000542,542
J_000543,543
J_000544,544
J_000545,545
J_000546,546
J_000547,547
J_000548,548
J_000549,549
J_000550,550
J_000551,551
J_000552,552
J_000553,553
J_000554,554
J_000555,555
J_000556,556
J_000557,557
J_000558,558
J_000559,559
J_000560,560
J_000561,561
J_000562,562
J_000563,563
J_000564,564
J_000565,565
J_000566,566
J_000567,567
J_000568,568
J_000569,569
J_000570,570
J_000571,571
J_000572,572
J_000573,573
J_000574,574
J_000575,575
J_000576,576
J_000577,577
J_000578,578
J_000579,579
J_000580,580
J_000581,581
J_000582,582
J_000583,583
J_000584,584
J_000585,585
J_000586,586
J_000587,587
J_000588,588
J_000589,589
J_000590,590
J_000591,591
J_000592,592
J_000593,593
J_000594,594
J_000595,595
J_000596,596
J_000597,597
J_000598,598
J_000599,599
J_000600,600
J_000601,601
J_000602,602
J_000603,603
J_000604,604
J_000605,605
J_000606,606
J_000607,607
J_000608,608
J_000609,609
J_000610,610
J_000611,611
J_000612,612
J_000613,613
J_000614,614
J_000615,615
J_000616,616
J_000617,617
J_000618,618
J_000619,619
J_000620,620
J_000621,621
J_000622,622
J_000623,623
J_000624,624
J_000625,625
J_000626,626
J_000627,627
J_000628,628
J_000629,629
J_000630,630
J_000631,631
J_000632,632
J_000633,633
J_000634,634
J_000635,635
J_000636,636
J_000637,637
J_000638,638
J_000639,639
J_000640,640
J_000641,641
J_000642,642
J_000643,643
J_000644,644
J_000645,645
J_000646,646
J_000647,647
J_000648,648
J_000649,649
J_000650,650
J_000651,651
J_000652,652
J_000653,653
J_000654,654
J_000655,655
J_000656,656
J_000657,657
J_000658,658
J_000659,659
J_000660,660
J_000661,661
J_000662,662
J_000663,663
J_000664,664
J_000665,665
J_000666,666
J_000667,667
J_000668,668
J_000669,669
J_000670,670
J_000671,671
J_000672,672
J_000673,673
J_000674,674
J_000675,675
J_000676,676
J_000677,677
J_000678,678
J_000679,679
J_000680,680
J_000681,681
J_000682,682
J_000683,683
J_000684,684
J_000685,685
J_000686,686
J_000687,687
J_000688,688
J_000689,689
J_000690,690
J_000691,691
J_000692,692
J_000693,693
J_000694,694
J_000695,695
J_000696,696
J_000697,697
J_000698,698
J_000699,699
J_000700,700
J_000701,701
J_000702,702
J_000703,703
J_000704,704
J_000705,705
J_000706,706
J_000707,707
J_000708,708
J_000709,709
J_000710,710
J_000711,711
J_000712,712
J_000713,713
J_000714,714
J_000715,715
J_000716,716
J_000717,717
J_000718,718
J_000719,719
J_000720,720
J_000721,721
J_000722,722
J_000723,723
J_000724,724
J_000725,725
J_000726,726
J_000727,727
J_000728,728
J_000729,729
J_000730,730
J_000731,731
J_000732,732
J_000733,733
J_000734,734
J_000735,735
J_000736,736
J_000737,737
J_000738,738
J_000739,739
J_000740,740
J_000741,741
J_000742,742
J_000743,743
J_000744,744
J_000745,745
J_000746,746
J_000747,747
J_000748,748
J_000749,749
J_000750,750
J_000751,751
J_000752,752
J_000753,753
J_000754,754
J_000755,755
J_000756,756
J_000757,757
J_000758,758
J_000759,759
J_000760,760
J_000761,761
J_000762,762
J_000763,763
J_000764,764
J_000765,765
J_000766,766
J_000767,767
J_000768,768
J_000769,769
J_000770,770
J_000771,771
J_000772,772
J_000773,773
J_000774,774
J_000775,775
J_000776,776
J_000777,777
J_000778,778
J_000779,779
J_000780,780
J_000781,781
J_000782,782
J_000783,783
J_000784,784
J_000785,785
J_000786,786
J_000787,787
J_000788,788
J_000789,789
J_000790,790
J_000791,791
J_000792,792
J_000793,793
J_000794,794
J_000795,795
J_000796,796
J_000797,797
J_000798,798
J_000799,799
J_000800,800
J_000801,801
J_000802,802
J_000803,803
J_000804,804
J_000805,805
J_000806,806
J_000807,807
J_000808,808
J_000809,809
J_000810,810
J_000811,811
J_000812,812
J_000813,813
J_000814,814
J_000815,815
J_000816,816
J_000817,817
J_000818,818
J_000819,819
J_000820,820
J_000821,821
J_000822,822
J_000823,823
J_000824,824
J_000825,825
J_000826,826
J_000827,827
J_000828,828
J_000829,829
J_000830,830
J_000831,831
J_000832,832
J_000833,833
J_000834,834
J_000835,835
J_000836,836
J_000837,837
J_000838,838
J_000839,839
J_000840,840
J_000841,841
J_000842,842
J_000843,843
J_000844,844
J_000845,845
J_000846,846
J_000847,847
J_000848,848
J_000849,849
J_000850,850
J_000851,851
J_000852,852
J_000853,853
J_000854,854
J_000855,855
J_000856,856
J_000857,857
J_000858,858
J_000859,859
J_000860,860
J_000861,861
J_000862,862
J_000863,863
J_000864,864
J_000865,865
J_000866,866
J_000867,867
J_000868,868
J_000869,869
J_000870,870
J_000871,871
J_000872,872
J_000873,873
J_000874,874
J_000875,875
J_000876,876
J_000877,877
J_000878,878
J_000879,879
J_000880,880
J_000881,881
J_000882,882
J_000883,883
J_000884,884
J_000885,885
J_000886,886
J_000887,887
J_000888,888
J_000889,889
J_000890,890
J_000891,891
J_000892,892
J_000893,893
J_000894,894
J_000895,895
J_000896,896
J_000897,897
J_000898,898
J_000899,899
J_000900,900
J_000901,901
J_000902,902
J_000903,903
J_000904,904
J_000905,905
J_000906,906
J_000907,907
J_000908,908
J_000909,909
J_000910,910
J_000911,911
J_000912,912
J_000913,913
J_000914,914
J_000915,915
J_000916,916
J_000917,917
J_000918,918
J_000919,919
J_000920,920
J_000921,921
J_000922,922
J_000923,923
J_000924,924
J_000925,925
J_000926,926
J_000927,927
J_000928,928
J_000929,929
J_000930,930
J_000931,931
J_000932,932
J_000933,933
J_000934,934
J_000935,935
J_000936,936
J_000937,937
J_000938,938
J_000939,939
J_000940,940
J_000941,941
J_000942,942
J_000943,943
J_000944,944
J_000945,945
J_000946,946
J_000947,947
J_000948,948
J_000949,949
J_000950,950
J_000951,951
J_000952,952
J_000953,953
J_000954,954
J_000955,955
J_000956,956
J_000957,957
J_000958,958
J_000959,959
J_000960,960
J_000961,961
J_000962,962
J_000963,963
J_000964,964
J_000965,965
J_000966,966
J_000967,967
J_000968,968
J_000969,969
J_000970,970
J_000971,971
J_000972,972
J_000973,973
J_000974,974
J_000975,975
J_000976,976
J_000977,977
J_000978,978
J_000979,979
J_000980,980
J_000981,981
J_000982,982
J_000983,983
J_000984,984
J_000985,985
J_000986,986
J_000987,987
J_000988,988
J_000989,989
J_000990,990
J_000991,991
J_000992,992
J_000993,993
J_000994,994
J_000995,995
J_000996,996
J_000997,997
J_000998,998
J_000999,999
J_001000,1000
J_001001,1001
J_001002,1002
J_001003,1003
J_001004,1004
J_001005,1005
J_001006,1006
J_001007,1007
J_001008,1008
J_001009,1009
J_001010,1010
J_001011,1011
J_001012,1012
J_001013,1013
J_001014,1014
J_001015,1015
J_001016,1016
J_001017,1017
J_001018,1018
J_001019,1019
J_001020,1020
J_001021,1021
J_001022,1022
J_001023,1023
J_001024,1024
J_001025,1025
J_001026,1026
J_001027,1027
J_001028,1028
J_001029,1029
J_001030,1030
J_001031,1031
J_001032,1032
J_001033,1033
J_001034,1034
J_001035,1035
J_001036,1036
J_001037,1037
J_001038,1038
J_001039,1039
J_001040,1040
J_001041,1041
J_001042,1042
J_001043,1043
J_001044,1044
J_001045,1045
J_001046,1046
J_001047,1047
J_001048,1048
J_001049,1049
J_001050,1050
J_001051,1051
J_001052,1052
J_001053,1053
J_001054,1054
J_001055,1055
J_001056,1056
J_001057,1057
J_001058,1058
J_001059,1059
J_001060,1060
J_001061,1061
J_001062,1062
J_001063,1063
J_001064,1064
J_001065,1065
J_001066,1066
J_001067,1067
J_001068,1068
J_001069,1069
J_001070,1070
J_001071,1071
J_001072,1072
J_001073,1073
J_001074,1074
J_001075,1075
J_001076,1076
J_001077,1077
J_001078,1078
J_001079,1079
J_001080,1080
J_001081,1081
J_001082,1082
J_001083,1083
J_001084,1084
J_001085,1085
J_001086,1086
J_001087,1087
J_001088,1088
J_001089,1089
J_001090,1090
J_001091,1091
J_001092,1092
J_001093,1093
J_001094,1094
J_001095,1095
J_001096,1096
J_001097,1097
J_001098,1098
J_001099,1099
J_001100,1100
J_001101,1101
J_001102,1102
J_001103,1103
J_001104,1104
J_001105,1105
J_001106,1106
J_001107,1107
J_001108,1108
J_001109,1109
J_001110,1110
J_001111,1111
J_001112,1112
J_001113,1113
J_001114,1114
J_001115,1115
J_001116,1116
J_001117,1117
J_001118,1118
J_001119,1119
J_001120,1120
J_001121,1121
J_001122,1122
J_001123,1123
J_001124,1124
J_001125,1125
J_001126,1126
J_001127,1127
J_001128,1128
J_001129,1129
J_001130,1130
J_001131,1131
J_001132,1132
J_001133,1133
J_001134,1134
J_001135,1135
J_001136,1136
J_001137,1137
J_001138,1138
J_001139,1139
J_001140,1140
J_001141,1141
J_001142,1142
J_001143,1143
J_001144,1144
J_001145,1145
J_001146,1146
J_001147,1147
J_001148,1148
J_001149,1149
J_001150,1150
J_001151,1151
J_001152,1152
J_001153,1153
J_001154,1154
J_001155,1155
J_001156,1156
J_001157,1157
J_001158,1158
J_001159,1159
J_001160,1160
J_001161,1161
J_001162,1162
J_001163,1163
J_001164,1164
J_001165,1165
J_001166,1166
J_001167,1167
J_001168,1168
J_001169,1169
J_001170,1170
J_001171,1171
J_001172,1172
J_001173,1173
J_001174,1174
J_001175,1175
J_001176,1176
J_001177,1177
J_001178,1178
J_001179,1179
J_001180,1180
J_001181,1181
J_001182,1182
J_001183,1183
J_001184,1184
J_001185,1185
J_001186,1186
J_001187,1187
J_001188,1188
J_001189,1189
J_001190,1190
J_001191,1191
J_001192,1192
J_001193,1193
J_001194,1194
J_001195,1195
J_001196,1196
J_001197,1197
J_001198,1198
J_001199,1199
J_001200,1200
J_001201,1201
J_001202,1202
J_001203,1203
J_001204,1204
J_001205,1205
J_001206,1206
J_001207,1207
J_001208,1208
J_001209,1209
J_001210,1210
J_001211,1211
J_001212,1212
J_001213,1213
J_001214,1214
J_001215,1215
J_001216,1216
J_001217,1217
J_001218,1218
J_001219,1219
J_001220,1220
J_001221,1221
J_001222,1222
J_001223,1223
J_001224,1224
J_001225,1225
J_001226,1226
J_001227,1227
J_001228,1228
J_001229,1229
J_001230,1230
J_001231,1231
J_001232,1232
J_001233,1233
J_001234,1234
J_001235,1235
J_001236,1236
J_001237,1237
J_001238,1238
J_001239,1239
J_001240,1240
J_001241,1241
J_001242,1242
J_001243,1243
J_001244,1244
J_001245,1245
J_001246,1246
J_001247,1247
J_001248,1248
J_001249,1249
J_001250,1250
J_001251,1251
J_001252,1252
J_001253,1253
J_001254,1254
J_001255,1255
J_001256,1256
J_001257,1257
J_001258,1258
J_001259,1259
J_001260,1260
J_001261,1261
J_001262,1262
J_001263,1263
J_001264,1264
J_001265,1265
J_001266,1266
J_001267,1267
J_001268,1268
J_001269,1269
J_001270,1270
J_001271,1271
J_001272,1272
J_001273,1273
J_001274,1274
J_001275,1275
J_001276,1276
J_001277,1277
J_001278,1278
J_001279,1279
J_001280,1280
J_001281,1281
J_001282,1282
J_001283,1283
J_001284,1284
J_001285,1285
J_001286,1286
J_001287,1287
J_001288,1288
J_001289,1289
J_001290,1290
J_001291,1291
J_001292,1292
J_001293,1293
J_001294,1294
J_001295,1295
J_001296,1296
J_001297,1297
J_001298,1298
J_001299,1299
J_001300,1300
J_001301,1301
J_001302,1302
J_001303,1303
J_001304,1304
J_001305,1305
J_001306,1306
J_001307,1307
J_001308,1308
J_001309,1309
J_001310,1310
J_001311,1311
J_001312,1312
J_001313,1313
J_001314,1314
J_001315,1315
J_001316,1316
J_001317,1317
J_001318,1318
J_001319,1319
J_001320,1320
J_001321,1321
J_001322,1322
J_001323,1323
J_001324,1324
J_001325,1325
J_001326,1326
J_001327,1327
J_001328,1328
J_001329,1329
J_001330,1330
J_001331,1331
J_001332,1332
J_001333,1333
J_001334,1334
J_001335,1335
J_001336,1336
J_001337,1337
J_001338,1338
J_001339,1339
J_001340,1340
J_001341,1341
J_001342,1342
J_001343,1343
J_001344,1344
J_001345,1345
J_001346,1346
J_001347,1347
J_001348,1348
J_001349,1349
J_001350,1350
J_001351,1351
J_001352,1352
J_001353,1353
J_001354,1354
J_001355,1355
J_001356,1356
J_001357,1357
J_001358,1358
J_001359,1359
J_001360,1360
J_001361,1361
J_001362,1362
J_001363,1363
J_001364,1364
J_001365,1365
J_001366,1366
J_001367,1367
J_001368,1368
J_001369,1369
J_001370,1370
J_001371,1371
J_001372,1372
J_001373,1373
J_001374,1374
J_001375,1375
J_001376,1376
J_001377,1377
J_001378,1378
J_001379,1379
J_001380,1380
J_001381,1381
J_001382,1382
J_001383,1383
J_001384,1384
J_001385,1385
J_001386,1386
J_001387,1387
J_001388,1388
J_001389,1389
J_001390,1390
J_001391,1391
J_001392,1392
J_001393,1393
J_001394,1394
J_001395,1395
J_001396,1396
J_001397,1397
J_001398,1398
J_001399,1399
J_001400,1400
J_001401,1401
J_001402,1402
J_001403,1403
J_001404,1404
J_001405,1405
J_001406,1406
J_001407,1407
J_001408,1408
J_001409,1409
J_001410,1410
J_001411,1411
J_001412,1412
J_001413,1413
J_001414,1414
J_001415,1415
J_001416,1416
J_001417,1417
J_001418,1418
J_001419,1419
J_001420,1420
J_001421,1421
J_001422,1422
J_001423,1423
J_001424,1424
J_001425,1425
J_001426,1426
J_001427,1427
J_001428,1428
J_001429,1429
J_001430,1430
J_001431,1431
J_001432,1432
J_001433,1433
J_001434,1434
J_001435,1435
J_001436,1436
J_001437,1437
J_001438,1438
J_001439,1439
J_001440,1440
J_001441,1441
J_001442,1442
J_001443,1443
J_001444,1444
J_001445,1445
J_001446,1446
J_001447,1447
J_001448,1448
J_001449,1449
J_001450,1450
J_001451,1451
J_001452,1452
J_001453,1453
J_001454,1454
J_001455,1455
J_001456,1456
J_001457,1457
J_001458,1458
J_001459,1459
J_001460,1460
J_001461,1461
J_001462,1462
J_001463,1463
J_001464,1464
J_001465,1465
J_001466,1466
J_001467,1467
J_001468,1468
J_001469,1469
J_001470,1470
J_001471,1471
J_001472,1472
J_001473,1473
J_001474,1474
J_001475,1475
J_001476,1476
J_001477,1477
J_001478,1478
J_001479,1479
J_001480,1480
J_001481,1481
J_001482,1482
J_001483,1483
J_001484,1484
J_001485,1485
J_001486,1486
J_001487,1487
J_001488,1488
J_001489,1489
J_001490,1490
J_001491,1491
J_001492,1492
J_001493,1493
J_001494,1494
J_001495,1495
J_001496,1496
J_001497,1497
J_001498,1498
J_001499,1499
J_001500,1500
J_001501,1501
J_001502,1502
J_001503,1503
J_001504,1504
J_001505,1505
J_001506,1506
J_001507,1507
J_001508,1508
J_001509,1509
J_001510,1510
J_001511,1511
J_001512,1512
J_001513,1513
J_001514,1514
J_001515,1515
J_001516,1516
J_001517,1517
J_001518,1518
J_001519,1519
J_001520,1520
J_001521,1521
J_001522,1522
J_001523,1523
J_001524,1524
J_001525,1525
J_001526,1526
J_001527,1527
J_001528,1528
J_001529,1529
J_001530,1530
J_001531,1531
J_001532,1532
J_001533,1533
J_001534,1534
J_001535,1535
J_001536,1536
J_001537,1537
J_001538,1538
J_001539,1539
J_001540,1540
J_001541,1541
J_001542,1542
J_001543,1543
J_001544,1544
J_001545,1545
J_001546,1546
J_001547,1547
J_001548,1548
J_001549,1549
J_001550,1550
J_001551,1551
J_001552,1552
J_001553,1553
J_001554,1554
J_001555,1555
J_001556,1556
J_001557,1557
J_001558,1558
J_001559,1559
J_001560,1560
J_001561,1561
J_001562,1562
J_001563,1563
J_001564,1564
J_001565,1565
J_001566,1566
J_001567,1567
J_001568,1568
J_001569,1569
J_001570,1570
J_001571,1571
J_001572,1572
J_001573,1573
J_001574,1574
J_001575,1575
J_001576,1576
J_001577,1577
J_001578,1578
J_001579,1579
J_001580,1580
J_001581,1581
J_001582,1582
J_001583,1583
J_001584,1584
J_001585,1585
J_001586,1586
J_001587,1587
J_001588,1588
J_001589,1589
J_001590,1590
J_001591,1591
J_001592,1592
J_001593,1593
J_001594,1594
J_001595,1595
J_001596,1596
J_001597,1597
J_001598,1598
J_001599,1599
J_001600,1600
J_001601,1601
J_001602,1602
J_001603,1603
J_001604,1604
J_001605,1605
J_001606,1606
J_001607,1607
J_001608,1608
J_001609,1609
J_001610,1610
J_001611,1611
J_001612,1612
J_001613,1613
J_001614,1614
J_001615,1615
J_001616,1616
J_001617,1617
J_001618,1618
J_001619,1619
J_001620,1620
J_001621,1621
J_001622,1622
J_001623,1623
J_001624,1624
J_001625,1625
J_001626,1626
J_001627,1627
J_001628,1628
J_001629,1629
J_001630,1630
J_001631,1631
J_001632,1632
J_001633,1633
J_001634,1634
J_001635,1635
J_001636,1636
J_001637,1637
J_001638,1638
J_001639,1639
J_001640,1640
J_001641,1641
J_001642,1642
J_001643,1643
J_001644,1644
J_001645,1645
J_001646,1646
J_001647,1647
J_001648,1648
J_001649,1649
J_001650,1650
J_001651,1651
J_001652,1652
J_001653,1653
J_001654,1654
J_001655,1655
J_001656,1656
J_001657,1657
J_001658,1658
J_001659,1659
J_001660,1660
J_001661,1661
J_001662,1662
J_001663,1663
J_001664,1664
J_001665,1665
J_001666,1666
J_001667,1667
J_001668,1668
J_001669,1669
J_001670,1670
J_001671,1671
J_001672,1672
J_001673,1673
J_001674,1674
J_001675,1675
J_001676,1676
J_001677,1677
J_001678,1678
J_001679,1679
J_001680,1680
J_001681,1681
J_001682,1682
J_001683,1683
J_001684,1684
J_001685,1685
J_001686,1686
J_001687,1687
J_001688,1688
J_001689,1689
J_001690,1690
J_001691,1691
J_001692,1692
J_001693,1693
J_001694,1694
J_001695,1695
J_001696,1696
J_001697,1697
J_001698,1698
J_001699,1699
J_001700,1700
J_001701,1701
J_001702,1702
J_001703,1703
J_001704,1704
J_001705,1705
J_001706,1706
J_001707,1707
J_001708,1708
J_001709,1709
J_001710,1710
J_001711,1711
J_001712,1712
J_001713,1713
J_001714,1714
J_001715,1715
J_001716,1716
J_001717,1717
J_001718,1718
J_001719,1719
J_001720,1720
J_001721,1721
J_001722,1722
J_001723,1723
J_001724,1724
J_001725,1725
J_001726,1726
J_001727,1727
J_001728,1728
J_001729,1729
J_001730,1730
J_001731,1731
J_001732,1732
J_001733,1733
J_001734,1734
J_001735,1735
J_001736,1736
J_001737,1737
J_001738,1738
J_001739,1739
J_001740,1740
J_001741,1741
J_001742,1742
J_001743,1743
J_001744,1744
J_001745,1745
J_001746,1746
J_001747,1747
J_001748,1748
J_001749,1749
J_001750,1750
J_001751,1751
J_001752,1752
J_001753,1753
J_001754,1754
J_001755,1755
J_001756,1756
J_001757,1757
J_001758,1758
J_001759,1759
J_001760,1760
J_001761,1761
J_001762,1762
J_001763,1763
J_001764,1764
J_001765,1765
J_001766,1766
J_001767,1767
J_001768,1768
J_001769,1769
J_001770,1770
J_001771,1771
J_001772,1772
J_001773,1773
J_001774,1774
J_001775,1775
J_001776,1776
J_001777,1777
J_001778,1778
J_001779,1779
J_001780,1780
J_001781,1781
J_001782,1782
J_001783,1783
J_001784,1784
J_001785,1785
J_001786,1786
J_001787,1787
J_001788,1788
J_001789,1789
J_001790,1790
J_001791,1791
J_001792,1792
J_001793,1793
J_001794,1794
J_001795,1795
J_001796,1796
J_001797,1797
J_001798,1798
J_001799,1799
J_001800,1800
J_001801,1801
J_001802,1802
J_001803,1803
J_001804,1804
J_001805,1805
J_001806,1806
J_001807,1807
J_001808,1808
J_001809,1809
J_001810,1810
J_001811,1811
J_001812,1812
J_001813,1813
J_001814,1814
J_001815,1815
J_001816,1816
J_001817,1817
J_001818,1818
J_001819,1819
J_001820,1820
J_001821,1821
J_001822,1822
J_001823,1823
J_001824,1824
J_001825,1825
J_001826,1826
J_001827,1827
J_001828,1828
J_001829,1829
J_001830,1830
J_001831,1831
J_001832,1832
J_001833,1833
J_001834,1834
J_001835,1835
J_001836,1836
J_001837,1837
J_001838,1838
J_001839,1839
J_001840,1840
J_001841,1841
J_001842,1842
J_001843,1843
J_001844,1844
J_001845,1845
J_001846,1846
J_001847,1847
J_001848,1848
J_001849,1849
J_001850,1850
J_001851,1851
J_001852,1852
J_001853,1853
J_001854,1854
J_001855,1855
J_001856,1856
J_001857,1857
J_001858,1858
J_001859,1859
J_001860,1860
J_001861,1861
J_001862,1862
J_001863,1863
J_001864,1864
J_001865,1865
J_001866,1866
J_001867,1867
J_001868,1868
J_001869,1869
J_001870,1870
J_001871,1871
J_001872,1872
J_001873,1873
J_001874,1874
J_001875,1875
J_001876,1876
J_001877,1877
J_001878,1878
J_001879,1879
J_001880,1880
J_001881,1881
J_001882,1882
J_001883,1883
J_001884,1884
J_001885,1885
J_001886,1886
J_001887,1887
J_001888,1888
J_001889,1889
J_001890,1890
J_001891,1891
J_001892,1892
J_001893,1893
J_001894,1894
J_001895,1895
J_001896,1896
J_001897,1897
J_001898,1898
J_001899,1899
J_001900,1900
J_001901,1901
J_001902,1902
J_001903,1903
J_001904,1904
J_001905,1905
J_001906,1906
J_001907,1907
J_001908,1908
J_001909,1909
J_001910,1910
J_001911,1911
J_001912,1912
J_001913,1913
J_001914,1914
J_001915,1915
J_001916,1916
J_001917,1917
J_001918,1918
J_001919,1919
J_001920,1920
J_001921,1921
J_001922,1922
J_001923,1923
J_001924,1924
J_001925,1925
J_001926,1926
J_001927,1927
J_001928,1928
J_001929,1929
J_001930,1930
J_001931,1931
J_001932,1932
J_001933,1933
J_001934,1934
J_001935,1935
J_001936,1936
J_001937,1937
J_001938,1938
J_001939,1939
J_001940,1940
J_001941,1941
J_001942,1942
J_001943,1943
J_001944,1944
J_001945,1945
J_001946,1946
J_001947,1947
J_001948,1948
J_001949,1949
J_001950,1950
J_001951,1951
J_001952,1952
J_001953,1953
J_001954,1954
J_001955,1955
J_001956,1956
J_001957,1957
J_001958,1958
J_001959,1959
J_001960,1960
J_001961,1961
J_001962,1962
J_001963,1963
J_001964,1964
J_001965,1965
J_001966,1966
J_001967,1967
J_001968,1968
J_001969,1969
J_001970,1970
J_001971,1971
J_001972,1972
J_001973,1973
J_001974,1974
J_001975,1975
J_001976,1976
J_001977,1977
J_001978,1978
J_001979,1979
J_001980,1980
J_001981,1981
J_001982,1982
J_001983,1983
J_001984,1984
J_001985,1985
J_001986,1986
J_001987,1987
J_001988,1988
J_001989,1989
J_001990,1990
J_001991,1991
J_001992,1992
J_001993,1993
J_001994,1994
J_001995,1995
J_001996,1996
J_001997,1997
J_001998,1998
J_001999,1999
J_002000,2000
J_002001,2001
J_002002,2002
J_002003,2003
J_002004,2004
J_002005,2005
J_002006,2006
J_002007,2007
J_002008,2008
J_002009,2009
J_002010,2010
J_002011,2011
J_002012,2012
J_002013,2013
J_002014,2014
J_002015,2015
J_002016,2016
J_002017,2017
J_002018,2018
J_002019,2019
J_002020,2020
J_002021,2021
J_002022,2022
J_002023,2023
J_002024,2024
J_002025,2025
J_002026,2026
J_002027,2027
J_002028,2028
J_002029,2029
J_002030,2030
J_002031,2031
J_002032,2032
J_002033,2033
J_002034,2034
J_002035,2035
J_002036,2036
J_002037,2037
J_002038,2038
J_002039,2039
J_002040,2040
J_002041,2041
J_002042,2042
J_002043,2043
J_002044,2044
J_002045,2045
J_002046,2046
J_002047,2047
J_002048,2048
J_002049,2049
J_002050,2050
J_002051,2051
J_002052,2052
J_002053,2053
J_002054,2054
J_002055,2055
J_002056,2056
J_002057,2057
J_002058,2058
J_002059,2059
J_002060,2060
J_002061,2061
J_002062,2062
J_002063,2063
J_002064,2064
J_002065,2065
J_002066,2066
J_002067,2067
J_002068,2068
J_002069,2069
J_002070,2070
J_002071,2071
J_002072,2072
J_002073,2073
J_002074,2074
J_002075,2075
J_002076,2076
J_002077,2077
J_002078,2078
J_002079,2079
J_002080,2080
J_002081,2081
J_002082,2082
J_002083,2083
J_002084,2084
J_002085,2085
J_002086,2086
J_002087,2087
J_002088,2088
J_002089,2089
J_002090,2090
J_002091,2091
J_002092,2092
J_002093,2093
J_002094,2094
J_002095,2095
J_002096,2096
J_002097,2097
J_002098,2098
J_002099,2099
J_002100,2100
J_002101,2101
J_002102,2102
J_002103,2103
J_002104,2104
J_002105,2105
J_002106,2106
J_002107,2107
J_002108,2108
J_002109,2109
J_002110,2110
J_002111,2111
J_002112,2112
J_002113,2113
J_002114,2114
J_002115,2115
J_002116,2116
J_002117,2117
J_002118,2118
J_002119,2119
J_002120,2120
J_002121,2121
J_002122,2122
J_002123,2123
J_002124,2124
J_002125,2125
J_002126,2126
J_002127,2127
J_002128,2128
J_002129,2129
J_002130,2130
J_002131,2131
J_002132,2132
J_002133,2133
J_002134,2134
J_002135,2135
J_002136,2136
J_002137,2137
J_002138,2138
J_002139,2139
J_002140,2140
J_002141,2141
J_002142,2142
J_002143,2143
J_002144,2144
J_002145,2145
J_002146,2146
J_002147,2147
J_002148,2148
J_002149,2149
J_002150,2150
J_002151,2151
J_002152,2152
J_002153,2153
J_002154,2154
J_002155,2155
J_002156,2156
J_002157,2157
J_002158,2158
J_002159,2159
J_002160,2160
J_002161,2161
J_002162,2162
J_002163,2163
J_002164,2164
J_002165,2165
J_002166,2166
J_002167,2167
J_002168,2168
J_002169,2169
J_002170,2170
J_002171,2171
J_002172,2172
J_002173,2173
J_002174,2174
J_002175,2175
J_002176,2176
J_002177,2177
J_002178,2178
J_002179,2179
J_002180,2180
J_002181,2181
J_002182,2182
J_002183,2183
J_002184,2184
J_002185,2185
J_002186,2186
J_002187,2187
J_002188,2188
J_002189,2189
J_002190,2190
J_002191,2191
J_002192,2192
J_002193,2193
J_002194,2194
J_002195,2195
J_002196,2196
J_002197,2197
J_002198,2198
J_002199,2199
J_002200,2200
J_002201,2201
J_002202,2202
J_002203,2203
J_002204,2204
J_002205,2205
J_002206,2206
J_002207,2207
J_002208,2208
J_002209,2209
J_002210,2210
J_002211,2211
J_002212,2212
J_002213,2213
J_002214,2214
J_002215,2215
J_002216,2216
J_002217,2217
J_002218,2218
J_002219,2219
J_002220,2220
J_002221,2221
J_002222,2222
J_002223,2223
J_002224,2224
J_002225,2225
J_002226,2226
J_002227,2227
J_002228,2228
J_002229,2229
J_002230,2230
J_002231,2231
J_002232,2232
J_002233,2233
J_002234,2234
J_002235,2235
J_002236,2236
J_002237,2237
J_002238,2238
J_002239,2239
J_002240,2240
J_002241,2241
J_002242,2242
J_002243,2243
J_002244,2244
J_002245,2245
J_002246,2246
J_002247,2247
J_002248,2248
J_002249,2249
J_002250,2250
J_002251,2251
J_002252,2252
J_002253,2253
J_002254,2254
J_002255,2255
J_002256,2256
J_002257,2257
J_002258,2258
J_002259,2259
J_002260,2260
J_002261,2261
J_002262,2262
J_002263,2263
J_002264,2264
J_002265,2265
J_002266,2266
J_002267,2267
J_002268,2268
J_002269,2269
J_002270,2270
J_002271,2271
J_002272,2272
J_002273,2273
J_002274,2274
J_002275,2275
J_002276,2276
J_002277,2277
J_002278,2278
J_002279,2279
J_002280,2280
J_002281,2281
J_002282,2282
J_002283,2283
J_002284,2284
J_002285,2285
J_002286,2286
J_002287,2287
J_002288,2288
J_002289,2289
J_002290,2290
J_002291,2291
J_002292,2292
J_002293,2293
J_002294,2294
J_002295,2295
J_002296,2296
J_002297,2297
J_002298,2298
J_002299,2299
J_002300,2300
J_002301,2301
J_002302,2302
J_002303,2303
J_002304,2304
J_002305,2305
J_002306,2306
J_002307,2307
J_002308,2308
J_002309,2309
J_002310,2310
J_002311,2311
J_002312,2312
J_002313,2313
J_002314,2314
J_002315,2315
J_002316,2316
J_002317,2317
J_002318,2318
J_002319,2319
J_002320,2320
J_002321,2321
J_002322,2322
J_002323,2323
J_002324,2324
J_002325,2325
J_002326,2326
J_002327,2327
J_002328,2328
J_002329,2329
J_002330,2330
J_002331,2331
J_002332,2332
J_002333,2333
J_002334,2334
J_002335,2335
J_002336,2336
J_002337,2337
J_002338,2338
J_002339,2339
J_002340,2340
J_002341,2341
J_002342,2342
J_002343,2343
J_002344,2344
J_002345,2345
J_002346,2346
J_002347,2347
J_002348,2348
J_002349,2349
J_002350,2350
J_002351,2351
J_002352,2352
J_002353,2353
J_002354,2354
J_002355,2355
J_002356,2356
J_002357,2357
J_002358,2358
J_002359,2359
J_002360,2360
J_002361,2361
J_002362,2362
J_002363,2363
J_002364,2364
J_002365,2365
J_002366,2366
J_002367,2367
J_002368,2368
J_002369,2369
J_002370,2370
J_002371,2371
J_002372,2372
J_002373,2373
J_002374,2374
J_002375,2375
J_002376,2376
J_002377,2377
J_002378,2378
J_002379,2379
J_002380,2380
J_002381,2381
J_002382,2382
J_002383,2383
J_002384,2384
J_002385,2385
J_002386,2386
J_002387,2387
J_002388,2388
J_002389,2389
J_002390,2390
J_002391,2391
J_002392,2392
J_002393,2393
J_002394,2394
J_002395,2395
J_002396,2396
J_002397,2397
J_002398,2398
J_002399,2399
J_002400,2400
J_002401,2401
J_002402,2402
J_002403,2403
J_002404,2404
J_002405,2405
J_002406,2406
J_002407,2407
J_002408,2408
J_002409,2409
J_002410,2410
J_002411,2411
J_002412,2412
J_002413,2413
J_002414,2414
J_002415,2415
J_002416,2416
J_002417,2417
J_002418,2418
J_002419,2419
J_002420,2420
J_002421,2421
J_002422,2422
J_002423,2423
J_002424,2424
J_002425,2425
J_002426,2426
J_002427,2427
J_002428,2428
J_002429,2429
J_002430,2430
J_002431,2431
J_002432,2432
J_002433,2433
J_002434,2434
J_002435,2435
J_002436,2436
J_002437,2437
J_002438,2438
J_002439,2439
J_002440,2440
J_002441,2441
J_002442,2442
J_002443,2443
J_002444,2444
J_002445,2445
J_002446,2446
J_002447,2447
J_002448,2448
J_002449,2449
J_002450,2450
J_002451,2451
J_002452,2452
J_002453,2453
J_002454,2454
J_002455,2455
J_002456,2456
J_002457,2457
J_002458,2458
J_002459,2459
J_002460,2460
J_002461,2461
J_002462,2462
J_002463,2463
J_002464,2464
J_002465,2465
J_002466,2466
J_002467,2467
J_002468,2468
J_002469,2469
J_002470,2470
J_002471,2471
J_002472,2472
J_002473,2473
J_002474,2474
J_002475,2475
J_002476,2476
J_002477,2477
J_002478,2478
J_002479,2479
J_002480,2480
J_002481,2481
J_002482,2482
J_002483,2483
J_002484,2484
J_002485,2485
J_002486,2486
J_002487,2487
J_002488,2488
J_002489,2489
J_002490,2490
J_002491,2491
J_002492,2492
J_002493,2493
J_002494,2494
J_002495,2495
J_002496,2496
J_002497,2497
J_002498,2498
J_002499,2499
