job_id,seniority,industry
J_000000,Senior,Retail
J_000001,Senior,EdTech
J_000002,Junior,Travel
J_000003,Junior,Cybersecurity
J_000004,Senior,SaaS
J_000005,Senior,Healthcare
J_000006,Mid,E-commerce
J_000007,Senior,FinTech
J_000008,Senior,Logistics
J_000009,Mid,Cybersecurity
J_000010,Senior,Healthcare
J_000011,Junior,Healthcare
J_000012,Mid,E-commerce
J_000013,Senior,Gaming
J_000014,Junior,Travel
J_000015,Senior,Retail
J_000016,Mid,EdTech
J_000017,Junior,Cybersecurity
J_000018,Junior,E-commerce
J_000019,Mid,Logistics
J_000020,Senior,Retail
J_000021,Senior,Healthcare
J_000022,Mid,SaaS
J_000023,Senior,Gaming
J_000024,Senior,Healthcare
J_000025,Senior,Logistics
J_000026,Mid,SaaS
J_000027,Senior,Healthcare
J_000028,Senior,FinTech
J_000029,Junior,Healthcare
J_000030,Senior,E-commerce
J_000031,Mid,Gaming
J_000032,Senior,Gaming
J_000033,Mid,Travel
J_000034,Junior,FinTech
J_000035,Junior,Logistics
J_000036,Junior,Logistics
J_000037,Junior,EdTech
J_000038,Senior,Cybersecurity
J_000039,Senior,Gaming
J_000040,Junior,Cybersecurity
J_000041,Junior,FinTech
J_000042,Mid,Logistics
J_000043,Senior,E-commerce
J_000044,Senior,Cybersecurity
J_000045,Senior,SaaS
J_000046,Senior,Retail
J_000047,Mid,SaaS
J_000048,Mid,Retail
J_000049,Junior,Retail
J_000050,Mid,E-commerce
J_000051,Mid,Logistics
J_000052,Mid,Healthcare
J_000053,Senior,Healthcare
J_000054,Junior,Cybersecurity
J_000055,Mid,Healthcare
J_000056,Senior,Travel
J_000057,Junior,Logistics
J_000058,Mid,Travel
J_000059,Senior,Healthcare
J_000060,Mid,Retail
J_000061,Junior,SaaS
J_000062,Mid,Logistics
J_000063,Senior,Cybersecurity
J_000064,Senior,Retail
J_000065,Mid,FinTech
J_000066,Mid,Healthcare
J_000067,Mid,Retail
J_000068,Senior,Logistics
J_000069,Mid,Healthcare
J_000070,Mid,Travel
J_000071,Senior,Logistics
J_000072,Junior,Gaming
J_000073,Mid,E-commerce
J_000074,Senior,FinTech
J_000075,Senior,Retail
J_000076,Junior,Logistics
J_000077,Senior,SaaS
J_000078,Senior,SaaS
J_000079,Senior,Cybersecurity
J_000080,Junior,Retail
J_000081,Senior,FinTech
J_000082,Junior,Gaming
J_000083,Mid,EdTech
J_000084,Senior,FinTech
J_000085,Mid,Travel
J_000086,Junior,Retail
J_000087,Senior,Cybersecurity
J_000088,Senior,EdTech
J_000089,Junior,EdTech
J_000090,Mid,Healthcare
J_000091,Junior,EdTech
J_000092,Junior,EdTech
J_000093,Junior,E-commerce
J_000094,Mid,EdTech
J_000095,Junior,Retail
J_000096,Senior,EdTech
J_000097,Senior,EdTech
J_000098,Senior,Travel
J_000099,Mid,Healthcare
J_000100,Mid,E-commerce
J_000101,Junior,Healthcare
J_000102,Junior,FinTech
J_000103,Junior,EdTech
J_000104,Mid,EdTech
J_000105,Mid,Logistics
J_000106,Senior,E-commerce
J_000107,Junior,SaaS
J_000108,Junior,Logistics
J_000109,Senior,E-commerce
J_000110,Mid,Travel
J_000111,Senior,Travel
J_000112,Mid,SaaS
J_000113,Mid,Retail
J_000114,Senior,Healthcare
J_000115,Senior,Gaming
J_000116,Junior,E-commerce
J_000117,Junior,SaaS
J_000118,Senior,Travel
J_000119,Senior,EdTech
J_000120,Senior,EdTech
J_000121,Senior,Logistics
J_000122,Senior,Travel
J_000123,Senior,EdTech
J_000124,Mid,SaaS
J_000125,Junior,Travel
J_000126,Senior,Logistics
J_000127,Junior,Logistics
J_000128,Senior,Healthcare
J_000129,Senior,Gaming
J_000130,Mid,Healthcare
J_000131,Mid,E-commerce
J_000132,Mid,SaaS
J_000133,Senior,SaaS
J_000134,Junior,Logistics
J_000135,Junior,Retail
J_000136,Senior,Cybersecurity
J_000137,Mid,SaaS
J_000138,Senior,E-commerce
J_000139,Senior,Travel
J_000140,Junior,Gaming
J_000141,Senior,Gaming
J_000142,Senior,Logistics
J_000143,Mid,Cybersecurity
J_000144,Mid,Healthcare
J_000145,Mid,E-commerce
J_000146,Senior,Travel
J_000147,Senior,Healthcare
J_000148,Mid,Retail
J_000149,Junior,Logistics
J_000150,Junior,Logistics
J_000151,Junior,EdTech
J_000152,Junior,Healthcare
J_000153,Mid,FinTech
J_000154,Junior,SaaS
J_000155,Mid,Logistics
J_000156,Junior,FinTech
J_000157,Senior,SaaS
J_000158,Junior,EdTech
J_000159,Senior,Retail
J_000160,Junior,SaaS
J_000161,Mid,Healthcare
J_000162,Junior,FinTech
J_000163,Senior,Cybersecurity
J_000164,Junior,Gaming
J_000165,Junior,FinTech
J_000166,Junior,Healthcare
J_000167,Senior,Travel
J_000168,Junior,Travel
J_000169,Junior,Travel
J_000170,Junior,Cybersecurity
J_000171,Senior,Cybersecurity
J_000172,Junior,Cybersecurity
J_000173,Junior,Cybersecurity
J_000174,Senior,Healthcare
J_000175,Junior,Travel
J_000176,Senior,FinTech
J_000177,Senior,EdTech
J_000178,Senior,FinTech
J_000179,Mid,Healthcare
J_000180,Senior,Travel
J_000181,Senior,Retail
J_000182,Mid,Cybersecurity
J_000183,Junior,Gaming
J_000184,Senior,Healthcare
J_000185,Junior,Cybersecurity
J_000186,Senior,FinTech
J_000187,Junior,E-commerce
J_000188,Mid,Gaming
J_000189,Mid,Retail
J_000190,Mid,Cybersecurity
J_000191,Junior,Logistics
J_000192,Mid,Cybersecurity
J_000193,Junior,Travel
J_000194,Senior,Travel
J_000195,Senior,FinTech
J_000196,Mid,Gaming
J_000197,Junior,Cybersecurity
J_000198,Mid,Cybersecurity
J_000199,Mid,Cybersecurity
J_000200,Senior,Gaming
J_000201,Senior,Logistics
J_000202,Mid,Travel
J_000203,Senior,SaaS
J_000204,Senior,FinTech
J_000205,Mid,SaaS
J_000206,Junior,Healthcare
J_000207,Junior,E-commerce
J_000208,Senior,EdTech
J_000209,Senior,Gaming
J_000210,Junior,FinTech
J_000211,Mid,Gaming
J_000212,Mid,SaaS
J_000213,Junior,E-commerce
J_000214,Senior,Cybersecurity
J_000215,Junior,Travel
J_000216,Senior,Travel
J_000217,Mid,Healthcare
J_000218,Mid,Healthcare
J_000219,Junior,Retail
J_000220,Mid,EdTech
J_000221,Junior,Cybersecurity
J_000222,Senior,EdTech
J_000223,Senior,SaaS
J_000224,Junior,Healthcare
J_000225,Mid,E-commerce
J_000226,Junior,Logistics
J_000227,Junior,Cybersecurity
J_000228,Senior,E-commerce
J_000229,Junior,FinTech
J_000230,Senior,Gaming
J_000231,Mid,Logistics
J_000232,Junior,Gaming
J_000233,Mid,Healthcare
J_000234,Senior,SaaS
J_000235,Mid,Healthcare
J_000236,Mid,Gaming
J_000237,Mid,SaaS
J_000238,Junior,E-commerce
J_000239,Junior,Logistics
J_000240,Junior,SaaS
J_000241,Mid,Travel
J_000242,Mid,SaaS
J_000243,Mid,Cybersecurity
J_000244,Senior,Logistics
J_000245,Junior,EdTech
J_000246,Senior,Travel
J_000247,Junior,FinTech
J_000248,Mid,Logistics
J_000249,Senior,Healthcare
J_000250,Mid,E-commerce
J_000251,Senior,E-commerce
J_000252,Mid,Logistics
J_000253,Senior,Logistics
J_000254,Senior,Gaming
J_000255,Senior,Travel
J_000256,Junior,E-commerce
J_000257,Junior,Cybersecurity
J_000258,Junior,FinTech
J_000259,Junior,Gaming
J_000260,Mid,Cybersecurity
J_000261,Senior,Logistics
J_000262,Senior,Travel
J_000263,Junior,FinTech
J_000264,Senior,Gaming
J_000265,Junior,Logistics
J_000266,Mid,FinTech
J_000267,Mid,SaaS
J_000268,Mid,Logistics
J_000269,Senior,Cybersecurity
J_000270,Junior,Gaming
J_000271,Junior,FinTech
J_000272,Senior,Retail
J_000273,Junior,Retail
J_000274,Senior,Retail
J_000275,Junior,EdTech
J_000276,Junior,FinTech
J_000277,Junior,FinTech
J_000278,Junior,Travel
J_000279,Senior,Cybersecurity
J_000280,Mid,SaaS
J_000281,Mid,Travel
J_000282,Junior,Healthcare
J_000283,Senior,Retail
J_000284,Mid,SaaS
J_000285,Mid,FinTech
J_000286,Senior,FinTech
J_000287,Mid,SaaS
J_000288,Mid,Logistics
J_000289,Junior,Healthcare
J_000290,Senior,FinTech
J_000291,Mid,Gaming
J_000292,Senior,FinTech
J_000293,Mid,SaaS
J_000294,Junior,EdTech
J_000295,Junior,Gaming
J_000296,Junior,Cybersecurity
J_000297,Mid,Cybersecurity
J_000298,Senior,Travel
J_000299,Senior,Retail
J_000300,Senior,FinTech
J_000301,Junior,Healthcare
J_000302,Mid,Healthcare
J_000303,Junior,FinTech
J_000304,Junior,E-commerce
J_000305,Junior,Gaming
J_000306,Senior,Gaming
J_000307,Junior,FinTech
J_000308,Mid,SaaS
J_000309,Junior,FinTech
J_000310,Junior,Logistics
J_000311,Mid,Gaming
J_000312,Senior,FinTech
J_000313,Mid,Cybersecurity
J_000314,Senior,Gaming
J_000315,Mid,Retail
J_000316,Mid,EdTech
J_000317,Senior,EdTech
J_000318,Mid,Retail
J_000319,Senior,Travel
J_000320,Junior,Retail
J_000321,Mid,Retail
J_000322,Junior,Retail
J_000323,Senior,Cybersecurity
J_000324,Junior,Travel
J_000325,Mid,SaaS
J_000326,Junior,Logistics
J_000327,Mid,SaaS
J_000328,Mid,E-commerce
J_000329,Senior,Logistics
J_000330,Senior,Travel
J_000331,Senior,FinTech
J_000332,Mid,FinTech
J_000333,Junior,FinTech
J_000334,Mid,Travel
J_000335,Junior,E-commerce
J_000336,Junior,Healthcare
J_000337,Senior,SaaS
J_000338,Senior,Gaming
J_000339,Senior,FinTech
J_000340,Junior,Logistics
J_000341,Senior,Logistics
J_000342,Senior,Logistics
J_000343,Senior,E-commerce
J_000344,Mid,Travel
J_000345,Senior,Retail
J_000346,Junior,Logistics
J_000347,Mid,Retail
J_000348,Mid,SaaS
J_000349,Mid,EdTech
J_000350,Mid,Gaming
J_000351,Senior,Healthcare
J_000352,Senior,Cybersecurity
J_000353,Junior,EdTech
J_000354,Mid,Logistics
J_000355,Mid,Retail
J_000356,Junior,FinTech
J_000357,Senior,FinTech
J_000358,Senior,FinTech
J_000359,Mid,Healthcare
J_000360,Senior,FinTech
J_000361,Mid,Logistics
J_000362,Mid,E-commerce
J_000363,Senior,Retail
J_000364,Mid,Gaming
J_000365,Mid,Logistics
J_000366,Senior,Travel
J_000367,Mid,Travel
J_000368,Senior,E-commerce
J_000369,Junior,Retail
J_000370,Mid,Healthcare
J_000371,Junior,EdTech
J_000372,Junior,SaaS
J_000373,Senior,SaaS
J_000374,Junior,Cybersecurity
J_000375,Mid,Travel
J_000376,Mid,Healthcare
J_000377,Junior,FinTech
J_000378,Senior,Healthcare
J_000379,Junior,Logistics
J_000380,Junior,SaaS
J_000381,Mid,E-commerce
J_000382,Junior,EdTech
J_000383,Mid,Retail
J_000384,Mid,E-commerce
J_000385,Mid,SaaS
J_000386,Senior,Logistics
J_000387,Senior,FinTech
J_000388,Junior,Travel
J_000389,Mid,Logistics
J_000390,Junior,E-commerce
J_000391,Junior,Travel
J_000392,Mid,Cybersecurity
J_000393,Senior,Healthcare
J_000394,Senior,E-commerce
J_000395,Senior,Retail
J_000396,Junior,Cybersecurity
J_000397,Junior,Gaming
J_000398,Senior,Gaming
J_000399,Junior,Cybersecurity
J_000400,Mid,SaaS
J_000401,Junior,Healthcare
J_000402,Senior,Cybersecurity
J_000403,Junior,FinTech
J_000404,Junior,Cybersecurity
J_000405,Junior,SaaS
J_000406,Mid,Retail
J_000407,Junior,Healthcare
J_000408,Senior,E-commerce
J_000409,Senior,Healthcare
J_000410,Senior,Healthcare
J_000411,Senior,EdTech
J_000412,Junior,Gaming
J_000413,Junior,Healthcare
J_000414,Mid,Gaming
J_000415,Junior,Gaming
J_000416,Mid,Healthcare
J_000417,Mid,Retail
J_000418,Junior,EdTech
J_000419,Mid,EdTech
J_000420,Junior,EdTech
J_000421,Mid,Travel
J_000422,Junior,Logistics
J_000423,Senior,Travel
J_000424,Junior,EdTech
J_000425,Junior,Retail
J_000426,Junior,Gaming
J_000427,Senior,Retail
J_000428,Junior,FinTech
J_000429,Mid,SaaS
J_000430,Senior,SaaS
J_000431,Junior,FinTech
J_000432,Mid,E-commerce
J_000433,Junior,Cybersecurity
J_000434,Junior,EdTech
J_000435,Senior,Travel
J_000436,Mid,Gaming
J_000437,Senior,Gaming
J_000438,Mid,FinTech
J_000439,Mid,EdTech
J_000440,Junior,E-commerce
J_000441,Senior,Logistics
J_000442,Junior,EdTech
J_000443,Junior,Retail
J_000444,Junior,FinTech
J_000445,Junior,SaaS
J_000446,Senior,Logistics
J_000447,Junior,Logistics
J_000448,Senior,Logistics
J_000449,Mid,Travel
J_000450,Junior,Healthcare
J_000451,Senior,Travel
J_000452,Senior,Gaming
J_000453,Junior,Retail
J_000454,Senior,Cybersecurity
J_000455,Junior,Travel
J_000456,Senior,Logistics
J_000457,Mid,Retail
J_000458,Mid,E-commerce
J_000459,Junior,SaaS
J_000460,Mid,E-commerce
J_000461,Junior,Healthcare
J_000462,Mid,Logistics
J_000463,Junior,Healthcare
J_000464,Senior,Healthcare
J_000465,Mid,Logistics
J_000466,Senior,FinTech
J_000467,Junior,Gaming
J_000468,Mid,Healthcare
J_000469,Junior,Cybersecurity
J_000470,Junior,Retail
J_000471,Junior,E-commerce
J_000472,Senior,FinTech
J_000473,Mid,Gaming
J_000474,Mid,EdTech
J_000475,Senior,FinTech
J_000476,Senior,EdTech
J_000477,Senior,Gaming
J_000478,Junior,Cybersecurity
J_000479,Junior,Logistics
J_000480,Junior,SaaS
J_000481,Mid,Gaming
J_000482,Mid,FinTech
J_000483,Junior,FinTech
J_000484,Junior,Cybersecurity
J_000485,Mid,FinTech
J_000486,Mid,Travel
J_000487,Senior,Healthcare
J_000488,Senior,Cybersecurity
J_000489,Mid,Healthcare
J_000490,Senior,Logistics
J_000491,Senior,SaaS
J_000492,Junior,EdTech
J_000493,Senior,Travel
J_000494,Junior,E-commerce
J_000495,Junior,Gaming
J_000496,Mid,Logistics
J_000497,Senior,Cybersecurity
J_000498,Junior,SaaS
J_000499,Junior,Travel
J_000500,Junior,SaaS
J_000501,Senior,E-commerce
J_000502,Senior,Cybersecurity
J_000503,Mid,E-commerce
J_000504,Senior,Healthcare
J_000505,Junior,SaaS
J_000506,Senior,FinTech
J_000507,Senior,Retail
J_000508,Junior,SaaS
J_000509,Mid,FinTech
J_000510,Senior,FinTech
J_000511,Junior,EdTech
J_000512,Mid,Logistics
J_000513,Mid,EdTech
J_000514,Senior,E-commerce
J_000515,Mid,FinTech
J_000516,Senior,Gaming
J_000517,Senior,FinTech
J_000518,Senior,Logistics
J_000519,Junior,Logistics
J_000520,Junior,Retail
J_000521,Senior,Cybersecurity
J_000522,Senior,Retail
J_000523,Junior,E-commerce
J_000524,Senior,EdTech
J_000525,Junior,Retail
J_000526,Senior,SaaS
J_000527,Junior,Gaming
J_000528,Senior,Retail
J_000529,Mid,Travel
J_000530,Junior,Travel
J_000531,Junior,SaaS
J_000532,Senior,Healthcare
J_000533,Senior,SaaS
J_000534,Junior,Travel
J_000535,Senior,FinTech
J_000536,Senior,Gaming
J_000537,Junior,Cybersecurity
J_000538,Mid,EdTech
J_000539,Junior,Cybersecurity
J_000540,Mid,Travel
J_000541,Mid,Gaming
J_000542,Senior,Healthcare
J_000543,Junior,EdTech
J_000544,Mid,Gaming
J_000545,Senior,SaaS
J_000546,Junior,FinTech
J_000547,Mid,Cybersecurity
J_000548,Mid,Travel
J_000549,Senior,Travel
J_000550,Junior,Retail
J_000551,Junior,E-commerce
J_000552,Mid,Cybersecurity
J_000553,Mid,E-commerce
J_000554,Mid,Travel
J_000555,Junior,Retail
J_000556,Senior,FinTech
J_000557,Mid,Gaming
J_000558,Mid,EdTech
J_000559,Junior,SaaS
J_000560,Junior,Cybersecurity
J_000561,Mid,Cybersecurity
J_000562,Senior,Retail
J_000563,Senior,SaaS
J_000564,Senior,Logistics
J_000565,Mid,Retail
J_000566,Senior,FinTech
J_000567,Mid,SaaS
J_000568,Senior,Retail
J_000569,Senior,Cybersecurity
J_000570,Senior,Travel
J_000571,Junior,FinTech
J_000572,Junior,Cybersecurity
J_000573,Senior,Cybersecurity
J_000574,Senior,Travel
J_000575,Senior,Travel
J_000576,Senior,Travel
J_000577,Mid,Travel
J_000578,Mid,Cybersecurity
J_000579,Junior,Healthcare
J_000580,Junior,Healthcare
J_000581,Mid,Cybersecurity
J_000582,Junior,FinTech
J_000583,Mid,FinTech
J_000584,Senior,Retail
J_000585,Senior,Travel
J_000586,Mid,Healthcare
J_000587,Senior,Healthcare
J_000588,Junior,Cybersecurity
J_000589,Senior,Healthcare
J_000590,Mid,Logistics
J_000591,Junior,EdTech
J_000592,Mid,SaaS
J_000593,Senior,Retail
J_000594,Mid,Healthcare
J_000595,Junior,Travel
J_000596,Junior,FinTech
J_000597,Senior,Logistics
J_000598,Mid,Travel
J_000599,Senior,Logistics
J_000600,Mid,EdTech
J_000601,Senior,Logistics
J_000602,Junior,Travel
J_000603,Senior,FinTech
J_000604,Mid,Gaming
J_000605,Junior,FinTech
J_000606,Senior,Retail
J_000607,Senior,Healthcare
J_000608,Junior,Healthcare
J_000609,Senior,Cybersecurity
J_000610,Senior,FinTech
J_000611,Senior,SaaS
J_000612,Senior,E-commerce
J_000613,Mid,Healthcare
J_000614,Senior,Gaming
J_000615,Senior,Healthcare
J_000616,Senior,Gaming
J_000617,Junior,Healthcare
J_000618,Junior,Retail
J_000619,Senior,FinTech
J_000620,Mid,SaaS
J_000621,Mid,SaaS
J_000622,Junior,FinTech
J_000623,Junior,E-commerce
J_000624,Junior,Gaming
J_000625,Junior,FinTech
J_000626,Mid,Travel
J_000627,Junior,FinTech
J_000628,Senior,Cybersecurity
J_000629,Senior,Gaming
J_000630,Junior,Gaming
J_000631,Senior,Travel
J_000632,Senior,SaaS
J_000633,Senior,FinTech
J_000634,Junior,EdTech
J_000635,Mid,EdTech
J_000636,Junior,Retail
J_000637,Mid,EdTech
J_000638,Junior,EdTech
J_000639,Mid,Logistics
J_000640,Senior,SaaS
J_000641,Senior,Cybersecurity
J_000642,Senior,EdTech
J_000643,Senior,EdTech
J_000644,Senior,SaaS
J_000645,Junior,Cybersecurity
J_000646,Senior,Logistics
J_000647,Junior,SaaS
J_000648,Senior,Healthcare
J_000649,Mid,E-commerce
J_000650,Junior,Retail
J_000651,Senior,Logistics
J_000652,Senior,Gaming
J_000653,Junior,Logistics
J_000654,Senior,SaaS
J_000655,Senior,Gaming
J_000656,Junior,Healthcare
J_000657,Senior,Cybersecurity
J_000658,Mid,Cybersecurity
J_000659,Mid,FinTech
J_000660,Senior,Travel
J_000661,Senior,Travel
J_000662,Senior,Gaming
J_000663,Junior,FinTech
J_000664,Junior,Gaming
J_000665,Junior,FinTech
J_000666,Senior,Logistics
J_000667,Junior,Healthcare
J_000668,Junior,Gaming
J_000669,Junior,E-commerce
J_000670,Mid,Retail
J_000671,Senior,E-commerce
J_000672,Junior,FinTech
J_000673,Senior,Retail
J_000674,Mid,Cybersecurity
J_000675,Senior,Logistics
J_000676,Mid,Retail
J_000677,Senior,Travel
J_000678,Junior,Healthcare
J_000679,Mid,Healthcare
J_000680,Senior,Healthcare
J_000681,Mid,EdTech
J_000682,Junior,Cybersecurity
J_000683,Mid,SaaS
J_000684,Senior,E-commerce
J_000685,Senior,Retail
J_000686,Mid,Logistics
J_000687,Senior,Travel
J_000688,Junior,Retail
J_000689,Junior,Retail
J_000690,Mid,EdTech
J_000691,Mid,Retail
J_000692,Senior,Retail
J_000693,Senior,FinTech
J_000694,Senior,Gaming
J_000695,Mid,Travel
J_000696,Mid,Gaming
J_000697,Junior,Cybersecurity
J_000698,Mid,Cybersecurity
J_000699,Mid,Travel
J_000700,Mid,E-commerce
J_000701,Junior,Retail
J_000702,Junior,Travel
J_000703,Senior,Gaming
J_000704,Senior,EdTech
J_000705,Senior,E-commerce
J_000706,Senior,Travel
J_000707,Senior,EdTech
J_000708,Mid,Retail
J_000709,Mid,FinTech
J_000710,Senior,EdTech
J_000711,Senior,Healthcare
J_000712,Mid,Retail
J_000713,Mid,EdTech
J_000714,Mid,E-commerce
J_000715,Mid,Logistics
J_000716,Junior,FinTech
J_000717,Mid,E-commerce
J_000718,Junior,EdTech
J_000719,Senior,Logistics
J_000720,Mid,Cybersecurity
J_000721,Junior,Healthcare
J_000722,Mid,Cybersecurity
J_000723,Mid,EdTech
J_000724,Mid,SaaS
J_000725,Senior,Gaming
J_000726,Senior,SaaS
J_000727,Mid,Healthcare
J_000728,Junior,Travel
J_000729,Mid,E-commerce
J_000730,Mid,EdTech
J_000731,Senior,E-commerce
J_000732,Junior,FinTech
J_000733,Senior,E-commerce
J_000734,Junior,FinTech
J_000735,Junior,SaaS
J_000736,Mid,EdTech
J_000737,Junior,Healthcare
J_000738,Junior,SaaS
J_000739,Senior,Retail
J_000740,Senior,EdTech
J_000741,Mid,Retail
J_000742,Junior,Gaming
J_000743,Mid,Healthcare
J_000744,Junior,EdTech
J_000745,Senior,EdTech
J_000746,Senior,FinTech
J_000747,Senior,Gaming
J_000748,Junior,E-commerce
J_000749,Junior,SaaS
J_000750,Mid,Travel
J_000751,Junior,EdTech
J_000752,Senior,Healthcare
J_000753,Mid,Gaming
J_000754,Junior,Healthcare
J_000755,Mid,FinTech
J_000756,Mid,Retail
J_000757,Mid,SaaS
J_000758,Senior,Travel
J_000759,Mid,Logistics
J_000760,Mid,Gaming
J_000761,Junior,Logistics
J_000762,Junior,SaaS
J_000763,Mid,Cybersecurity
J_000764,Mid,Healthcare
J_000765,Senior,Retail
J_000766,Junior,FinTech
J_000767,Junior,Logistics
J_000768,Junior,FinTech
J_000769,Mid,Gaming
J_000770,Mid,SaaS
J_000771,Mid,SaaS
J_000772,Junior,Gaming
J_000773,Mid,Gaming
J_000774,Senior,E-commerce
J_000775,Junior,Gaming
J_000776,Junior,Logistics
J_000777,Senior,Cybersecurity
J_000778,Senior,Travel
J_000779,Senior,Retail
J_000780,Mid,SaaS
J_000781,Junior,Healthcare
J_000782,Senior,Healthcare
J_000783,Senior,E-commerce
J_000784,Senior,Cybersecurity
J_000785,Mid,EdTech
J_000786,Mid,Logistics
J_000787,Mid,E-commerce
J_000788,Mid,Healthcare
J_000789,Junior,Logistics
J_000790,Junior,SaaS
J_000791,Junior,FinTech
J_000792,Junior,Healthcare
J_000793,Senior,FinTech
J_000794,Mid,FinTech
J_000795,Junior,E-commerce
J_000796,Junior,Logistics
J_000797,Mid,Healthcare
J_000798,Mid,Healthcare
J_000799,Junior,Cybersecurity
J_000800,Mid,SaaS
J_000801,Junior,Retail
J_000802,Mid,Retail
J_000803,Mid,Gaming
J_000804,Mid,FinTech
J_000805,Mid,Gaming
J_000806,Mid,Healthcare
J_000807,Mid,SaaS
J_000808,Junior,Travel
J_000809,Junior,Gaming
J_000810,Senior,SaaS
J_000811,Mid,Logistics
J_000812,Senior,Gaming
J_000813,Junior,FinTech
J_000814,Senior,E-commerce
J_000815,Junior,Travel
J_000816,Junior,Healthcare
J_000817,Senior,Healthcare
J_000818,Junior,EdTech
J_000819,Senior,Gaming
J_000820,Mid,Healthcare
J_000821,Junior,Healthcare
J_000822,Mid,Cybersecurity
J_000823,Junior,Logistics
J_000824,Senior,EdTech
J_000825,Senior,Gaming
J_000826,Junior,Logistics
J_000827,Mid,EdTech
J_000828,Junior,SaaS
J_000829,Senior,EdTech
J_000830,Senior,Gaming
J_000831,Mid,Healthcare
J_000832,Junior,FinTech
J_000833,Mid,SaaS
J_000834,Junior,Retail
J_000835,Junior,FinTech
J_000836,Mid,Gaming
J_000837,Mid,Cybersecurity
J_000838,Junior,Gaming
J_000839,Senior,Healthcare
J_000840,Junior,Travel
J_000841,Senior,Travel
J_000842,Junior,Travel
J_000843,Senior,EdTech
J_000844,Mid,EdTech
J_000845,Junior,Retail
J_000846,Junior,FinTech
J_000847,Junior,Cybersecurity
J_000848,Senior,E-commerce
J_000849,Mid,Cybersecurity
J_000850,Junior,Travel
J_000851,Senior,E-commerce
J_000852,Junior,Gaming
J_000853,Junior,Travel
J_000854,Junior,FinTech
J_000855,Junior,Retail
J_000856,Senior,Retail
J_000857,Senior,E-commerce
J_000858,Senior,Gaming
J_000859,Junior,Retail
J_000860,Senior,Retail
J_000861,Junior,SaaS
J_000862,Mid,Retail
J_000863,Senior,Logistics
J_000864,Senior,Cybersecurity
J_000865,Mid,Logistics
J_000866,Senior,E-commerce
J_000867,Mid,Retail
J_000868,Mid,Travel
J_000869,Mid,SaaS
J_000870,Senior,SaaS
J_000871,Senior,Healthcare
J_000872,Mid,SaaS
J_000873,Junior,E-commerce
J_000874,Senior,Cybersecurity
J_000875,Junior,Cybersecurity
J_000876,Mid,Logistics
J_000877,Mid,FinTech
J_000878,Mid,Travel
J_000879,Junior,Healthcare
J_000880,Mid,EdTech
J_000881,Mid,Retail
J_000882,Senior,Cybersecurity
J_000883,Junior,Retail
J_000884,Mid,Retail
J_000885,Junior,EdTech
J_000886,Senior,Healthcare
J_000887,Mid,Cybersecurity
J_000888,Senior,Travel
J_000889,Mid,Cybersecurity
J_000890,Junior,Gaming
J_000891,Junior,Retail
J_000892,Junior,FinTech
J_000893,Mid,Gaming
J_000894,Mid,Travel
J_000895,Senior,Travel
J_000896,Junior,FinTech
J_000897,Senior,E-commerce
J_000898,Senior,Cybersecurity
J_000899,Senior,Logistics
J_000900,Mid,Retail
J_000901,Junior,SaaS
J_000902,Junior,Gaming
J_000903,Senior,Healthcare
J_000904,Mid,EdTech
J_000905,Senior,Cybersecurity
J_000906,Mid,SaaS
J_000907,Senior,SaaS
J_000908,Junior,Healthcare
J_000909,Mid,Logistics
J_000910,Junior,Retail
J_000911,Senior,FinTech
J_000912,Junior,Gaming
J_000913,Mid,Retail
J_000914,Junior,E-commerce
J_000915,Mid,E-commerce
J_000916,Senior,Cybersecurity
J_000917,Junior,Travel
J_000918,Mid,FinTech
J_000919,Junior,Healthcare
J_000920,Mid,FinTech
J_000921,Senior,Healthcare
J_000922,Junior,Cybersecurity
J_000923,Junior,FinTech
J_000924,Mid,Cybersecurity
J_000925,Mid,Gaming
J_000926,Mid,Logistics
J_000927,Mid,Healthcare
J_000928,Mid,Healthcare
J_000929,Mid,SaaS
J_000930,Senior,Travel
J_000931,Senior,EdTech
J_000932,Senior,EdTech
J_000933,Junior,Retail
J_000934,Senior,E-commerce
J_000935,Junior,Logistics
J_000936,Senior,Healthcare
J_000937,Mid,Cybersecurity
J_000938,Mid,SaaS
J_000939,Junior,Healthcare
J_000940,Senior,Retail
J_000941,Junior,Gaming
J_000942,Senior,Gaming
J_000943,Junior,Cybersecurity
J_000944,Junior,FinTech
J_000945,Junior,Healthcare
J_000946,Junior,Logistics
J_000947,Senior,EdTech
J_000948,Mid,Healthcare
J_000949,Mid,EdTech
J_000950,Mid,Gaming
J_000951,Junior,Healthcare
J_000952,Junior,Travel
J_000953,Senior,EdTech
J_000954,Mid,EdTech
J_000955,Junior,Healthcare
J_000956,Mid,Cybersecurity
J_000957,Senior,Retail
J_000958,Senior,FinTech
J_000959,Senior,Retail
J_000960,Junior,E-commerce
J_000961,Senior,Retail
J_000962,Mid,FinTech
J_000963,Junior,Gaming
J_000964,Mid,EdTech
J_000965,Junior,E-commerce
J_000966,Junior,FinTech
J_000967,Junior,EdTech
J_000968,Junior,Gaming
J_000969,Senior,EdTech
J_000970,Mid,SaaS
J_000971,Junior,E-commerce
J_000972,Senior,E-commerce
J_000973,Junior,SaaS
J_000974,Mid,SaaS
J_000975,Junior,FinTech
J_000976,Junior,Travel
J_000977,Junior,Healthcare
J_000978,Mid,Cybersecurity
J_000979,Mid,FinTech
J_000980,Senior,E-commerce
J_000981,Mid,Healthcare
J_000982,Mid,Logistics
J_000983,Senior,Travel
J_000984,Mid,E-commerce
J_000985,Junior,Retail
J_000986,Mid,E-commerce
J_000987,Junior,Retail
J_000988,Mid,SaaS
J_000989,Junior,SaaS
J_000990,Senior,Retail
J_000991,Junior,E-commerce
J_000992,Mid,Travel
J_000993,Mid,Cybersecurity
J_000994,Junior,FinTech
J_000995,Junior,Cybersecurity
J_000996,Mid,Logistics
J_000997,Mid,EdTech
J_000998,Mid,SaaS
J_000999,Mid,FinTech
J_001000,Mid,Logistics
J_001001,Junior,EdTech
J_001002,Mid,Cybersecurity
J_001003,Junior,Travel
J_001004,Mid,Logistics
J_001005,Junior,Travel
J_001006,Senior,SaaS
J_001007,Mid,Cybersecurity
J_001008,Junior,Cybersecurity
J_001009,Junior,Logistics
J_001010,Mid,Healthcare
J_001011,Senior,FinTech
J_001012,Junior,EdTech
J_001013,Senior,SaaS
J_001014,Senior,Retail
J_001015,Mid,Gaming
J_001016,Junior,Logistics
J_001017,Mid,Retail
J_001018,Junior,Gaming
J_001019,Junior,EdTech
J_001020,Mid,E-commerce
J_001021,Senior,Healthcare
J_001022,Mid,Retail
J_001023,Senior,Cybersecurity
J_001024,Junior,Healthcare
J_001025,Senior,Logistics
J_001026,Mid,Retail
J_001027,Mid,Logistics
J_001028,Junior,Travel
J_001029,Mid,Logistics
J_001030,Junior,SaaS
J_001031,Mid,FinTech
J_001032,Mid,EdTech
J_001033,Mid,Gaming
J_001034,Junior,Logistics
J_001035,Junior,FinTech
J_001036,Junior,EdTech
J_001037,Senior,E-commerce
J_001038,Junior,E-commerce
J_001039,Mid,Gaming
J_001040,Senior,Logistics
J_001041,Mid,FinTech
J_001042,Junior,Healthcare
J_001043,Junior,Cybersecurity
J_001044,Senior,FinTech
J_001045,Junior,EdTech
J_001046,Mid,FinTech
J_001047,Senior,FinTech
J_001048,Junior,Travel
J_001049,Junior,Gaming
J_001050,Mid,Gaming
J_001051,Junior,EdTech
J_001052,Junior,EdTech
J_001053,Mid,SaaS
J_001054,Senior,Retail
J_001055,Junior,SaaS
J_001056,Senior,SaaS
J_001057,Senior,Travel
J_001058,Junior,Healthcare
J_001059,Junior,Retail
J_001060,Junior,E-commerce
J_001061,Senior,Gaming
J_001062,Mid,FinTech
J_001063,Mid,Cybersecurity
J_001064,Mid,Travel
J_001065,Mid,Cybersecurity
J_001066,Mid,Cybersecurity
J_001067,Mid,Healthcare
J_001068,Mid,Cybersecurity
J_001069,Senior,EdTech
J_001070,Senior,Logistics
J_001071,Senior,Cybersecurity
J_001072,Junior,Healthcare
J_001073,Senior,Healthcare
J_001074,Senior,Travel
J_001075,Junior,Travel
J_001076,Senior,EdTech
J_001077,Senior,SaaS
J_001078,Mid,E-commerce
J_001079,Mid,Retail
J_001080,Mid,Travel
J_001081,Mid,Gaming
J_001082,Senior,Travel
J_001083,Mid,Healthcare
J_001084,Senior,Retail
J_001085,Junior,SaaS
J_001086,Mid,Gaming
J_001087,Mid,Gaming
J_001088,Junior,Cybersecurity
J_001089,Junior,Cybersecurity
J_001090,Junior,E-commerce
J_001091,Junior,SaaS
J_001092,Junior,SaaS
J_001093,Junior,Gaming
J_001094,Mid,Travel
J_001095,Mid,Retail
J_001096,Mid,Logistics
J_001097,Junior,Retail
J_001098,Senior,SaaS
J_001099,Junior,Healthcare
J_001100,Junior,Travel
J_001101,Senior,Cybersecurity
J_001102,Junior,SaaS
J_001103,Mid,SaaS
J_001104,Senior,Gaming
J_001105,Mid,E-commerce
J_001106,Senior,Retail
J_001107,Mid,Gaming
J_001108,Junior,FinTech
J_001109,Mid,SaaS
J_001110,Junior,Retail
J_001111,Junior,Logistics
J_001112,Mid,Healthcare
J_001113,Senior,SaaS
J_001114,Mid,Healthcare
J_001115,Junior,SaaS
J_001116,Mid,Logistics
J_001117,Junior,SaaS
J_001118,Senior,Travel
J_001119,Junior,Retail
J_001120,Mid,Logistics
J_001121,Senior,Logistics
J_001122,Mid,E-commerce
J_001123,Junior,Travel
J_001124,Junior,Cybersecurity
J_001125,Junior,Gaming
J_001126,Mid,Cybersecurity
J_001127,Junior,E-commerce
J_001128,Junior,Retail
J_001129,Junior,Healthcare
J_001130,Senior,Gaming
J_001131,Mid,FinTech
J_001132,Mid,Retail
J_001133,Junior,SaaS
J_001134,Mid,Cybersecurity
J_001135,Mid,Logistics
J_001136,Junior,Travel
J_001137,Senior,Retail
J_001138,Senior,Gaming
J_001139,Junior,E-commerce
J_001140,Mid,EdTech
J_001141,Mid,Cybersecurity
J_001142,Senior,EdTech
J_001143,Mid,Logistics
J_001144,Junior,Retail
J_001145,Senior,E-commerce
J_001146,Senior,Logistics
J_001147,Mid,Logistics
J_001148,Junior,E-commerce
J_001149,Mid,FinTech
J_001150,Junior,Travel
J_001151,Mid,Retail
J_001152,Mid,Healthcare
J_001153,Junior,Gaming
J_001154,Mid,EdTech
J_001155,Junior,SaaS
J_001156,Mid,Logistics
J_001157,Senior,EdTech
J_001158,Junior,Gaming
J_001159,Senior,Gaming
J_001160,Junior,Cybersecurity
J_001161,Senior,SaaS
J_001162,Mid,SaaS
J_001163,Senior,SaaS
J_001164,Senior,FinTech
J_001165,Mid,SaaS
J_001166,Mid,Retail
J_001167,Mid,Logistics
J_001168,Junior,Healthcare
J_001169,Senior,Healthcare
J_001170,Senior,Retail
J_001171,Mid,FinTech
J_001172,Senior,SaaS
J_001173,Junior,Retail
J_001174,Junior,Healthcare
J_001175,Senior,FinTech
J_001176,Mid,Retail
J_001177,Junior,Cybersecurity
J_001178,Junior,Gaming
J_001179,Junior,Healthcare
J_001180,Senior,EdTech
J_001181,Junior,Healthcare
J_001182,Senior,E-commerce
J_001183,Junior,SaaS
J_001184,Junior,Logistics
J_001185,Junior,Gaming
J_001186,Mid,E-commerce
J_001187,Junior,Logistics
J_001188,Junior,Healthcare
J_001189,Senior,SaaS
J_001190,Senior,E-commerce
J_001191,Junior,Logistics
J_001192,Mid,FinTech
J_001193,Junior,Gaming
J_001194,Mid,FinTech
J_001195,Senior,FinTech
J_001196,Mid,Logistics
J_001197,Senior,SaaS
J_001198,Senior,EdTech
J_001199,Junior,Cybersecurity
J_001200,Junior,EdTech
J_001201,Junior,Travel
J_001202,Senior,FinTech
J_001203,Senior,SaaS
J_001204,Senior,Retail
J_001205,Junior,Travel
J_001206,Senior,Healthcare
J_001207,Mid,Retail
J_001208,Junior,Cybersecurity
J_001209,Mid,Travel
J_001210,Junior,FinTech
J_001211,Mid,E-commerce
J_001212,Mid,EdTech
J_001213,Junior,Gaming
J_001214,Senior,E-commerce
J_001215,Senior,Gaming
J_001216,Junior,Logistics
J_001217,Junior,SaaS
J_001218,Mid,Cybersecurity
J_001219,Senior,FinTech
J_001220,Senior,Retail
J_001221,Junior,SaaS
J_001222,Mid,Retail
J_001223,Senior,Logistics
J_001224,Junior,Travel
J_001225,Junior,Logistics
J_001226,Mid,SaaS
J_001227,Mid,Gaming
J_001228,Senior,E-commerce
J_001229,Junior,SaaS
J_001230,Senior,Gaming
J_001231,Senior,Travel
J_001232,Junior,Travel
J_001233,Mid,SaaS
J_001234,Senior,SaaS
J_001235,Junior,EdTech
J_001236,Mid,SaaS
J_001237,Senior,E-commerce
J_001238,Senior,Travel
J_001239,Mid,Gaming
J_001240,Junior,FinTech
J_001241,Senior,Cybersecurity
J_001242,Senior,Retail
J_001243,Mid,Logistics
J_001244,Senior,Gaming
J_001245,Junior,SaaS
J_001246,Junior,SaaS
J_001247,Mid,SaaS
J_001248,Mid,EdTech
J_001249,Junior,Retail
J_001250,Junior,FinTech
J_001251,Mid,EdTech
J_001252,Junior,Cybersecurity
J_001253,Senior,Travel
J_001254,Mid,EdTech
J_001255,Junior,E-commerce
J_001256,Junior,Logistics
J_001257,Mid,Travel
J_001258,Mid,EdTech
J_001259,Junior,E-commerce
J_001260,Mid,Retail
J_001261,Senior,FinTech
J_001262,Senior,EdTech
J_001263,Junior,Retail
J_001264,Junior,SaaS
J_001265,Mid,Gaming
J_001266,Mid,SaaS
J_001267,Mid,E-commerce
J_001268,Junior,E-commerce
J_001269,Junior,SaaS
J_001270,Senior,E-commerce
J_001271,Junior,FinTech
J_001272,Mid,E-commerce
J_001273,Junior,SaaS
J_001274,Mid,Retail
J_001275,Mid,Cybersecurity
J_001276,Senior,Logistics
J_001277,Senior,E-commerce
J_001278,Junior,FinTech
J_001279,Mid,Gaming
J_001280,Senior,Logistics
J_001281,Senior,EdTech
J_001282,Junior,Travel
J_001283,Senior,Retail
J_001284,Junior,EdTech
J_001285,Senior,Healthcare
J_001286,Senior,SaaS
J_001287,Mid,Retail
J_001288,Junior,Gaming
J_001289,Junior,Travel
J_001290,Senior,E-commerce
J_001291,Mid,Healthcare
J_001292,Mid,Logistics
J_001293,Senior,EdTech
J_001294,Junior,E-commerce
J_001295,Senior,Logistics
J_001296,Mid,SaaS
J_001297,Senior,Healthcare
J_001298,Junior,Healthcare
J_001299,Mid,Logistics
J_001300,Mid,SaaS
J_001301,Junior,Cybersecurity
J_001302,Junior,Retail
J_001303,Junior,Gaming
J_001304,Senior,EdTech
J_001305,Junior,Cybersecurity
J_001306,Junior,Healthcare
J_001307,Junior,E-commerce
J_001308,Junior,Logistics
J_001309,Senior,Travel
J_001310,Mid,E-commerce
J_001311,Mid,Logistics
J_001312,Senior,E-commerce
J_001313,Junior,FinTech
J_001314,Junior,SaaS
J_001315,Senior,Travel
J_001316,Senior,EdTech
J_001317,Junior,FinTech
J_001318,Senior,Retail
J_001319,Senior,SaaS
J_001320,Senior,FinTech
J_001321,Mid,E-commerce
J_001322,Mid,E-commerce
J_001323,Mid,SaaS
J_001324,Junior,Cybersecurity
J_001325,Mid,Travel
J_001326,Senior,FinTech
J_001327,Junior,FinTech
J_001328,Senior,Healthcare
J_001329,Mid,Retail
J_001330,Junior,FinTech
J_001331,Mid,FinTech
J_001332,Mid,SaaS
J_001333,Mid,E-commerce
J_001334,Junior,Gaming
J_001335,Senior,Travel
J_001336,Mid,Retail
J_001337,Junior,EdTech
J_001338,Mid,E-commerce
J_001339,Mid,Cybersecurity
J_001340,Junior,E-commerce
J_001341,Mid,Gaming
J_001342,Mid,Healthcare
J_001343,Senior,SaaS
J_001344,Junior,FinTech
J_001345,Mid,FinTech
J_001346,Senior,Healthcare
J_001347,Senior,EdTech
J_001348,Junior,E-commerce
J_001349,Mid,EdTech
J_001350,Junior,Travel
J_001351,Senior,Travel
J_001352,Mid,FinTech
J_001353,Mid,Cybersecurity
J_001354,Junior,Gaming
J_001355,Junior,FinTech
J_001356,Junior,Healthcare
J_001357,Junior,EdTech
J_001358,Mid,Travel
J_001359,Senior,E-commerce
J_001360,Mid,EdTech
J_001361,Junior,Cybersecurity
J_001362,Mid,Logistics
J_001363,Junior,SaaS
J_001364,Junior,E-commerce
J_001365,Junior,SaaS
J_001366,Junior,Logistics
J_001367,Junior,Retail
J_001368,Senior,E-commerce
J_001369,Mid,Cybersecurity
J_001370,Senior,FinTech
J_001371,Mid,EdTech
J_001372,Mid,Logistics
J_001373,Mid,Gaming
J_001374,Senior,Healthcare
J_001375,Senior,FinTech
J_001376,Junior,EdTech
J_001377,Senior,Healthcare
J_001378,Mid,Travel
J_001379,Mid,Retail
J_001380,Mid,Cybersecurity
J_001381,Junior,E-commerce
J_001382,Junior,EdTech
J_001383,Mid,Gaming
J_001384,Mid,Retail
J_001385,Senior,Cybersecurity
J_001386,Mid,Gaming
J_001387,Junior,FinTech
J_001388,Mid,E-commerce
J_001389,Mid,Cybersecurity
J_001390,Junior,SaaS
J_001391,Mid,Travel
J_001392,Junior,Logistics
J_001393,Junior,Travel
J_001394,Mid,SaaS
J_001395,Mid,Healthcare
J_001396,Junior,Healthcare
J_001397,Mid,SaaS
J_001398,Junior,Travel
J_001399,Junior,SaaS
J_001400,Junior,Retail
J_001401,Senior,FinTech
J_001402,Senior,Logistics
J_001403,Mid,FinTech
J_001404,Senior,Healthcare
J_001405,Junior,Healthcare
J_001406,Mid,Cybersecurity
J_001407,Junior,FinTech
J_001408,Mid,E-commerce
J_001409,Junior,E-commerce
J_001410,Junior,Gaming
J_001411,Junior,SaaS
J_001412,Mid,Cybersecurity
J_001413,Mid,Healthcare
J_001414,Senior,SaaS
J_001415,Junior,Travel
J_001416,Senior,FinTech
J_001417,Senior,SaaS
J_001418,Junior,Healthcare
J_001419,Senior,Cybersecurity
J_001420,Senior,SaaS
J_001421,Junior,Logistics
J_001422,Senior,EdTech
J_001423,Senior,SaaS
J_001424,Junior,Logistics
J_001425,Senior,SaaS
J_001426,Senior,EdTech
J_001427,Junior,Travel
J_001428,Mid,Logistics
J_001429,Senior,Cybersecurity
J_001430,Senior,SaaS
J_001431,Junior,E-commerce
J_001432,Senior,Healthcare
J_001433,Junior,Gaming
J_001434,Junior,Cybersecurity
J_001435,Senior,Healthcare
J_001436,Junior,Travel
J_001437,Senior,Healthcare
J_001438,Mid,E-commerce
J_001439,Mid,E-commerce
J_001440,Junior,Gaming
J_001441,Senior,EdTech
J_001442,Junior,Gaming
J_001443,Senior,Healthcare
J_001444,Junior,Healthcare
J_001445,Senior,FinTech
J_001446,Junior,Retail
J_001447,Mid,Healthcare
J_001448,Senior,Gaming
J_001449,Junior,Logistics
J_001450,Mid,Healthcare
J_001451,Mid,SaaS
J_001452,Mid,SaaS
J_001453,Junior,SaaS
J_001454,Senior,Retail
J_001455,Senior,Gaming
J_001456,Junior,Logistics
J_001457,Senior,Healthcare
J_001458,Junior,FinTech
J_001459,Junior,Gaming
J_001460,Junior,Healthcare
J_001461,Mid,E-commerce
J_001462,Mid,E-commerce
J_001463,Mid,Healthcare
J_001464,Senior,Cybersecurity
J_001465,Senior,SaaS
J_001466,Senior,E-commerce
J_001467,Mid,Cybersecurity
J_001468,Junior,Travel
J_001469,Senior,Retail
J_001470,Junior,Healthcare
J_001471,Mid,Healthcare
J_001472,Mid,Healthcare
J_001473,Senior,Retail
J_001474,Junior,E-commerce
J_001475,Junior,Retail
J_001476,Senior,FinTech
J_001477,Junior,Healthcare
J_001478,Mid,Healthcare
J_001479,Mid,FinTech
J_001480,Senior,Logistics
J_001481,Mid,SaaS
J_001482,Senior,FinTech
J_001483,Junior,EdTech
J_001484,Junior,E-commerce
J_001485,Mid,FinTech
J_001486,Junior,SaaS
J_001487,Junior,FinTech
J_001488,Senior,Gaming
J_001489,Mid,Healthcare
J_001490,Junior,E-commerce
J_001491,Senior,Healthcare
J_001492,Senior,Travel
J_001493,Senior,SaaS
J_001494,Senior,EdTech
J_001495,Junior,Healthcare
J_001496,Senior,Logistics
J_001497,Mid,SaaS
J_001498,Mid,FinTech
J_001499,Senior,E-commerce
J_001500,Junior,Healthcare
J_001501,Mid,Cybersecurity
J_001502,Senior,Cybersecurity
J_001503,Senior,EdTech
J_001504,Mid,SaaS
J_001505,Mid,Healthcare
J_001506,Junior,Retail
J_001507,Senior,FinTech
J_001508,Mid,SaaS
J_001509,Mid,Healthcare
J_001510,Junior,Gaming
J_001511,Mid,Healthcare
J_001512,Senior,Travel
J_001513,Mid,EdTech
J_001514,Mid,FinTech
J_001515,Mid,EdTech
J_001516,Mid,E-commerce
J_001517,Mid,FinTech
J_001518,Mid,EdTech
J_001519,Junior,Travel
J_001520,Junior,EdTech
J_001521,Mid,Cybersecurity
J_001522,Junior,Retail
J_001523,Mid,FinTech
J_001524,Senior,Gaming
J_001525,Junior,Healthcare
J_001526,Mid,Retail
J_001527,Senior,Travel
J_001528,Senior,Logistics
J_001529,Mid,Travel
J_001530,Senior,EdTech
J_001531,Mid,FinTech
J_001532,Senior,Travel
J_001533,Senior,Gaming
J_001534,Junior,Logistics
J_001535,Junior,Logistics
J_001536,Mid,Gaming
J_001537,Senior,Healthcare
J_001538,Senior,FinTech
J_001539,Junior,Logistics
J_001540,Junior,Healthcare
J_001541,Junior,Retail
J_001542,Senior,E-commerce
J_001543,Mid,EdTech
J_001544,Junior,Cybersecurity
J_001545,Senior,E-commerce
J_001546,Senior,Logistics
J_001547,Junior,EdTech
J_001548,Senior,Gaming
J_001549,Junior,Gaming
J_001550,Mid,E-commerce
J_001551,Mid,Healthcare
J_001552,Senior,Gaming
J_001553,Junior,FinTech
J_001554,Mid,Healthcare
J_001555,Junior,EdTech
J_001556,Junior,Healthcare
J_001557,Mid,Retail
J_001558,Junior,Retail
J_001559,Junior,Healthcare
J_001560,Mid,Healthcare
J_001561,Mid,Gaming
J_001562,Junior,EdTech
J_001563,Junior,Healthcare
J_001564,Senior,Healthcare
J_001565,Mid,Retail
J_001566,Mid,Travel
J_001567,Mid,E-commerce
J_001568,Junior,Healthcare
J_001569,Senior,E-commerce
J_001570,Senior,Cybersecurity
J_001571,Junior,EdTech
J_001572,Mid,Retail
J_001573,Mid,Cybersecurity
J_001574,Senior,EdTech
J_001575,Senior,Gaming
J_001576,Senior,FinTech
J_001577,Junior,Healthcare
J_001578,Senior,Gaming
J_001579,Junior,Healthcare
J_001580,Senior,EdTech
J_001581,Junior,Travel
J_001582,Junior,Gaming
J_001583,Junior,Travel
J_001584,Junior,Cybersecurity
J_001585,Senior,Logistics
J_001586,Junior,EdTech
J_001587,Junior,Healthcare
J_001588,Senior,Travel
J_001589,Junior,SaaS
J_001590,Junior,Retail
J_001591,Junior,E-commerce
J_001592,Junior,Gaming
J_001593,Junior,Travel
J_001594,Mid,EdTech
J_001595,Mid,SaaS
J_001596,Junior,Healthcare
J_001597,Senior,Gaming
J_001598,Senior,Retail
J_001599,Junior,Travel
J_001600,Mid,Cybersecurity
J_001601,Senior,E-commerce
J_001602,Senior,Retail
J_001603,Mid,Travel
J_001604,Mid,EdTech
J_001605,Senior,EdTech
J_001606,Mid,SaaS
J_001607,Junior,FinTech
J_001608,Mid,Logistics
J_001609,Mid,EdTech
J_001610,Junior,Gaming
J_001611,Mid,SaaS
J_001612,Junior,FinTech
J_001613,Junior,SaaS
J_001614,Mid,E-commerce
J_001615,Senior,Logistics
J_001616,Junior,FinTech
J_001617,Junior,SaaS
J_001618,Junior,Logistics
J_001619,Senior,Logistics
J_001620,Mid,Retail
J_001621,Junior,Cybersecurity
J_001622,Mid,Healthcare
J_001623,Junior,Cybersecurity
J_001624,Senior,Logistics
J_001625,Mid,FinTech
J_001626,Senior,Healthcare
J_001627,Mid,FinTech
J_001628,Mid,Healthcare
J_001629,Junior,FinTech
J_001630,Senior,E-commerce
J_001631,Senior,Cybersecurity
J_001632,Mid,SaaS
J_001633,Mid,Logistics
J_001634,Senior,Cybersecurity
J_001635,Mid,FinTech
J_001636,Junior,E-commerce
J_001637,Mid,SaaS
J_001638,Junior,Cybersecurity
J_001639,Junior,SaaS
J_001640,Junior,Gaming
J_001641,Senior,Retail
J_001642,Senior,EdTech
J_001643,Junior,Gaming
J_001644,Mid,Cybersecurity
J_001645,Senior,FinTech
J_001646,Mid,Gaming
J_001647,Senior,E-commerce
J_001648,Junior,Retail
J_001649,Junior,E-commerce
J_001650,Mid,FinTech
J_001651,Mid,FinTech
J_001652,Senior,SaaS
J_001653,Junior,Healthcare
J_001654,Mid,E-commerce
J_001655,Junior,Logistics
J_001656,Junior,Retail
J_001657,Senior,Cybersecurity
J_001658,Senior,Travel
J_001659,Mid,Healthcare
J_001660,Mid,Logistics
J_001661,Senior,Healthcare
J_001662,Mid,FinTech
J_001663,Mid,Cybersecurity
J_001664,Senior,SaaS
J_001665,Mid,EdTech
J_001666,Junior,Healthcare
J_001667,Mid,Gaming
J_001668,Mid,FinTech
J_001669,Mid,EdTech
J_001670,Junior,Retail
J_001671,Mid,FinTech
J_001672,Senior,FinTech
J_001673,Junior,Cybersecurity
J_001674,Mid,Cybersecurity
J_001675,Mid,EdTech
J_001676,Mid,Gaming
J_001677,Senior,E-commerce
J_001678,Senior,EdTech
J_001679,Senior,Logistics
J_001680,Senior,EdTech
J_001681,Mid,Retail
J_001682,Mid,E-commerce
J_001683,Mid,EdTech
J_001684,Mid,Healthcare
J_001685,Mid,Gaming
J_001686,Junior,Retail
J_001687,Junior,Gaming
J_001688,Junior,FinTech
J_001689,Senior,Healthcare
J_001690,Mid,Retail
J_001691,Junior,E-commerce
J_001692,Senior,Logistics
J_001693,Mid,SaaS
J_001694,Senior,FinTech
J_001695,Junior,FinTech
J_001696,Senior,SaaS
J_001697,Junior,Healthcare
J_001698,Mid,FinTech
J_001699,Junior,Cybersecurity
J_001700,Mid,Retail
J_001701,Senior,FinTech
J_001702,Junior,Gaming
J_001703,Senior,Travel
J_001704,Senior,Retail
J_001705,Junior,SaaS
J_001706,Mid,Healthcare
J_001707,Junior,Logistics
J_001708,Mid,SaaS
J_001709,Mid,E-commerce
J_001710,Junior,Gaming
J_001711,Junior,Gaming
J_001712,Mid,Logistics
J_001713,Senior,Logistics
J_001714,Mid,E-commerce
J_001715,Mid,Travel
J_001716,Mid,Travel
J_001717,Mid,Cybersecurity
J_001718,Junior,E-commerce
J_001719,Mid,SaaS
J_001720,Senior,Logistics
J_001721,Mid,Travel
J_001722,Junior,Logistics
J_001723,Junior,Cybersecurity
J_001724,Senior,Cybersecurity
J_001725,Junior,Cybersecurity
J_001726,Mid,SaaS
J_001727,Senior,SaaS
J_001728,Mid,Gaming
J_001729,Junior,SaaS
J_001730,Senior,SaaS
J_001731,Mid,Travel
J_001732,Mid,Travel
J_001733,Junior,Travel
J_001734,Mid,Travel
J_001735,Mid,Logistics
J_001736,Mid,Cybersecurity
J_001737,Junior,Gaming
J_001738,Junior,EdTech
J_001739,Senior,E-commerce
J_001740,Senior,Logistics
J_001741,Mid,Gaming
J_001742,Mid,Travel
J_001743,Senior,FinTech
J_001744,Junior,FinTech
J_001745,Junior,Logistics
J_001746,Mid,Gaming
J_001747,Mid,SaaS
J_001748,Senior,E-commerce
J_001749,Junior,E-commerce
J_001750,Senior,Logistics
J_001751,Senior,Logistics
J_001752,Junior,Healthcare
J_001753,Junior,SaaS
J_001754,Junior,FinTech
J_001755,Mid,Cybersecurity
J_001756,Mid,SaaS
J_001757,Mid,Logistics
J_001758,Senior,Cybersecurity
J_001759,Mid,EdTech
J_001760,Senior,FinTech
J_001761,Junior,Travel
J_001762,Mid,SaaS
J_001763,Senior,Travel
J_001764,Senior,Retail
J_001765,Senior,Logistics
J_001766,Senior,Healthcare
J_001767,Mid,Cybersecurity
J_001768,Mid,Retail
J_001769,Senior,Retail
J_001770,Junior,Gaming
J_001771,Junior,Healthcare
J_001772,Mid,FinTech
J_001773,Junior,FinTech
J_001774,Senior,SaaS
J_001775,Mid,E-commerce
J_001776,Mid,Logistics
J_001777,Senior,E-commerce
J_001778,Senior,Travel
J_001779,Junior,Cybersecurity
J_001780,Mid,FinTech
J_001781,Senior,Retail
J_001782,Senior,Healthcare
J_001783,Mid,Travel
J_001784,Junior,Retail
J_001785,Mid,Travel
J_001786,Junior,Logistics
J_001787,Senior,Retail
J_001788,Mid,Retail
J_001789,Senior,Gaming
J_001790,Senior,Gaming
J_001791,Senior,FinTech
J_001792,Mid,Cybersecurity
J_001793,Mid,SaaS
J_001794,Mid,Gaming
J_001795,Mid,Travel
J_001796,Junior,Cybersecurity
J_001797,Mid,Travel
J_001798,Senior,E-commerce
J_001799,Mid,EdTech
J_001800,Senior,Logistics
J_001801,Junior,Healthcare
J_001802,Junior,EdTech
J_001803,Junior,Healthcare
J_001804,Junior,Retail
J_001805,Senior,Healthcare
J_001806,Junior,Healthcare
J_001807,Junior,Logistics
J_001808,Senior,Healthcare
J_001809,Senior,FinTech
J_001810,Junior,Travel
J_001811,Junior,Retail
J_001812,Senior,Healthcare
J_001813,Junior,Gaming
J_001814,Senior,EdTech
J_001815,Senior,EdTech
J_001816,Mid,Healthcare
J_001817,Senior,Cybersecurity
J_001818,Mid,Cybersecurity
J_001819,Mid,Travel
J_001820,Senior,Cybersecurity
J_001821,Mid,Healthcare
J_001822,Junior,E-commerce
J_001823,Senior,Travel
J_001824,Mid,Gaming
J_001825,Senior,SaaS
J_001826,Senior,Retail
J_001827,Senior,Healthcare
J_001828,Senior,EdTech
J_001829,Senior,FinTech
J_001830,Mid,Gaming
J_001831,Junior,Cybersecurity
J_001832,Junior,EdTech
J_001833,Junior,Gaming
J_001834,Senior,EdTech
J_001835,Mid,Logistics
J_001836,Senior,Healthcare
J_001837,Senior,Logistics
J_001838,Senior,Cybersecurity
J_001839,Senior,E-commerce
J_001840,Senior,Cybersecurity
J_001841,Mid,FinTech
J_001842,Senior,SaaS
J_001843,Mid,FinTech
J_001844,Junior,Retail
J_001845,Senior,Gaming
J_001846,Mid,SaaS
J_001847,Mid,FinTech
J_001848,Senior,Travel
J_001849,Mid,Gaming
J_001850,Senior,EdTech
J_001851,Junior,FinTech
J_001852,Senior,Gaming
J_001853,Senior,Logistics
J_001854,Senior,Retail
J_001855,Junior,Logistics
J_001856,Junior,Retail
J_001857,Junior,Healthcare
J_001858,Mid,E-commerce
J_001859,Junior,E-commerce
J_001860,Junior,E-commerce
J_001861,Mid,Travel
J_001862,Senior,FinTech
J_001863,Junior,SaaS
J_001864,Senior,Travel
J_001865,Senior,Travel
J_001866,Mid,Travel
J_001867,Junior,Logistics
J_001868,Junior,FinTech
J_001869,Mid,Healthcare
J_001870,Junior,SaaS
J_001871,Senior,Cybersecurity
J_001872,Junior,Healthcare
J_001873,Mid,FinTech
J_001874,Mid,SaaS
J_001875,Senior,Cybersecurity
J_001876,Mid,Logistics
J_001877,Junior,Travel
J_001878,Mid,EdTech
J_001879,Junior,Retail
J_001880,Mid,Gaming
J_001881,Senior,FinTech
J_001882,Junior,EdTech
J_001883,Senior,FinTech
J_001884,Mid,E-commerce
J_001885,Senior,Logistics
J_001886,Mid,SaaS
J_001887,Mid,EdTech
J_001888,Senior,EdTech
J_001889,Junior,FinTech
J_001890,Senior,Cybersecurity
J_001891,Senior,Gaming
J_001892,Mid,Logistics
J_001893,Junior,EdTech
J_001894,Senior,Logistics
J_001895,Senior,E-commerce
J_001896,Junior,Healthcare
J_001897,Senior,Cybersecurity
J_001898,Senior,Logistics
J_001899,Senior,Travel
J_001900,Senior,Healthcare
J_001901,Mid,Logistics
J_001902,Junior,Logistics
J_001903,Senior,EdTech
J_001904,Junior,Logistics
J_001905,Mid,Logistics
J_001906,Mid,SaaS
J_001907,Junior,Retail
J_001908,Mid,E-commerce
J_001909,Senior,Cybersecurity
J_001910,Junior,EdTech
J_001911,Mid,Logistics
J_001912,Senior,SaaS
J_001913,Junior,Travel
J_001914,Mid,SaaS
J_001915,Mid,Gaming
J_001916,Junior,SaaS
J_001917,Junior,FinTech
J_001918,Mid,SaaS
J_001919,Senior,SaaS
J_001920,Senior,FinTech
J_001921,Senior,Travel
J_001922,Senior,Cybersecurity
J_001923,Junior,EdTech
J_001924,Junior,Healthcare
J_001925,Senior,E-commerce
J_001926,Senior,Travel
J_001927,Junior,Cybersecurity
J_001928,Mid,Retail
J_001929,Junior,Healthcare
J_001930,Mid,Travel
J_001931,Junior,Gaming
J_001932,Senior,E-commerce
J_001933,Mid,Gaming
J_001934,Junior,Cybersecurity
J_001935,Junior,Retail
J_001936,Senior,Healthcare
J_001937,Mid,E-commerce
J_001938,Senior,SaaS
J_001939,Mid,Gaming
J_001940,Junior,E-commerce
J_001941,Senior,FinTech
J_001942,Junior,Retail
J_001943,Junior,SaaS
J_001944,Senior,Gaming
J_001945,Mid,EdTech
J_001946,Senior,Gaming
J_001947,Mid,Cybersecurity
J_001948,Mid,EdTech
J_001949,Senior,Gaming
J_001950,Senior,Cybersecurity
J_001951,Senior,Healthcare
J_001952,Senior,Travel
J_001953,Mid,Travel
J_001954,Mid,E-commerce
J_001955,Junior,Healthcare
J_001956,Senior,FinTech
J_001957,Senior,Logistics
J_001958,Junior,SaaS
J_001959,Junior,EdTech
J_001960,Mid,Logistics
J_001961,Mid,Cybersecurity
J_001962,Senior,Healthcare
J_001963,Mid,Logistics
J_001964,Senior,Logistics
J_001965,Junior,Travel
J_001966,Mid,Travel
J_001967,Junior,EdTech
J_001968,Senior,EdTech
J_001969,Senior,EdTech
J_001970,Senior,SaaS
J_001971,Mid,E-commerce
J_001972,Junior,Logistics
J_001973,Senior,Logistics
J_001974,Senior,Retail
J_001975,Junior,Cybersecurity
J_001976,Junior,Travel
J_001977,Mid,EdTech
J_001978,Senior,Logistics
J_001979,Junior,Healthcare
J_001980,Senior,E-commerce
J_001981,Senior,Cybersecurity
J_001982,Mid,Retail
J_001983,Senior,FinTech
J_001984,Mid,Cybersecurity
J_001985,Senior,FinTech
J_001986,Senior,SaaS
J_001987,Mid,Retail
J_001988,Junior,SaaS
J_001989,Mid,Travel
J_001990,Mid,Retail
J_001991,Mid,Cybersecurity
J_001992,Mid,E-commerce
J_001993,Mid,Travel
J_001994,Junior,EdTech
J_001995,Senior,Travel
J_001996,Senior,SaaS
J_001997,Junior,Gaming
J_001998,Senior,Cybersecurity
J_001999,Junior,Healthcare
J_002000,Junior,Cybersecurity
J_002001,Mid,Gaming
J_002002,Senior,Travel
J_002003,Senior,Healthcare
J_002004,Mid,E-commerce
J_002005,Senior,Gaming
J_002006,Junior,Retail
J_002007,Senior,Retail
J_002008,Senior,E-commerce
J_002009,Mid,FinTech
J_002010,Mid,Gaming
J_002011,Senior,Logistics
J_002012,Junior,Travel
J_002013,Junior,Retail
J_002014,Mid,FinTech
J_002015,Senior,E-commerce
J_002016,Mid,Travel
J_002017,Mid,SaaS
J_002018,Senior,Cybersecurity
J_002019,Senior,Logistics
J_002020,Mid,FinTech
J_002021,Mid,Cybersecurity
J_002022,Mid,SaaS
J_002023,Junior,Gaming
J_002024,Senior,Gaming
J_002025,Junior,Healthcare
J_002026,Senior,FinTech
J_002027,Senior,Healthcare
J_002028,Mid,Travel
J_002029,Mid,Logistics
J_002030,Senior,E-commerce
J_002031,Senior,EdTech
J_002032,Mid,FinTech
J_002033,Mid,Logistics
J_002034,Mid,FinTech
J_002035,Mid,FinTech
J_002036,Mid,EdTech
J_002037,Junior,FinTech
J_002038,Senior,FinTech
J_002039,Senior,EdTech
J_002040,Junior,FinTech
J_002041,Senior,Healthcare
J_002042,Mid,FinTech
J_002043,Mid,Cybersecurity
J_002044,Mid,Retail
J_002045,Junior,SaaS
J_002046,Mid,Retail
J_002047,Junior,Logistics
J_002048,Mid,EdTech
J_002049,Mid,EdTech
J_002050,Mid,Logistics
J_002051,Senior,Retail
J_002052,Mid,Cybersecurity
J_002053,Senior,Retail
J_002054,Mid,Healthcare
J_002055,Junior,Cybersecurity
J_002056,Senior,FinTech
J_002057,Senior,Healthcare
J_002058,Junior,Healthcare
J_002059,Mid,Healthcare
J_002060,Mid,SaaS
J_002061,Junior,Retail
J_002062,Senior,EdTech
J_002063,Mid,E-commerce
J_002064,Junior,E-commerce
J_002065,Junior,Cybersecurity
J_002066,Mid,Travel
J_002067,Mid,Gaming
J_002068,Mid,FinTech
J_002069,Mid,Retail
J_002070,Junior,Logistics
J_002071,Junior,EdTech
J_002072,Junior,Travel
J_002073,Mid,SaaS
J_002074,Senior,Healthcare
J_002075,Mid,EdTech
J_002076,Senior,Logistics
J_002077,Mid,Retail
J_002078,Senior,FinTech
J_002079,Junior,Cybersecurity
J_002080,Senior,SaaS
J_002081,Mid,SaaS
J_002082,Senior,FinTech
J_002083,Senior,Healthcare
J_002084,Junior,Retail
J_002085,Mid,Retail
J_002086,Junior,Cybersecurity
J_002087,Junior,Travel
J_002088,Senior,E-commerce
J_002089,Mid,Healthcare
J_002090,Mid,Travel
J_002091,Senior,Healthcare
J_002092,Mid,Travel
J_002093,Senior,EdTech
J_002094,Mid,FinTech
J_002095,Mid,Travel
J_002096,Senior,SaaS
J_002097,Mid,E-commerce
J_002098,Junior,Logistics
J_002099,Mid,Gaming
J_002100,Mid,EdTech
J_002101,Mid,SaaS
J_002102,Mid,Retail
J_002103,Junior,Travel
J_002104,Junior,Travel
J_002105,Junior,E-commerce
J_002106,Junior,Healthcare
J_002107,Senior,Logistics
J_002108,Mid,Cybersecurity
J_002109,Junior,Cybersecurity
J_002110,Mid,Travel
J_002111,Mid,Healthcare
J_002112,Mid,Healthcare
J_002113,Senior,Gaming
J_002114,Mid,FinTech
J_002115,Mid,SaaS
J_002116,Junior,Gaming
J_002117,Junior,Travel
J_002118,Junior,E-commerce
J_002119,Junior,Cybersecurity
J_002120,Mid,EdTech
J_002121,Senior,FinTech
J_002122,Junior,Retail
J_002123,Mid,Logistics
J_002124,Senior,Retail
J_002125,Senior,Travel
J_002126,Junior,FinTech
J_002127,Junior,SaaS
J_002128,Junior,SaaS
J_002129,Senior,Travel
J_002130,Mid,FinTech
J_002131,Junior,Logistics
J_002132,Junior,SaaS
J_002133,Mid,SaaS
J_002134,Junior,Gaming
J_002135,Junior,FinTech
J_002136,Mid,Healthcare
J_002137,Mid,Travel
J_002138,Senior,Logistics
J_002139,Junior,E-commerce
J_002140,Mid,SaaS
J_002141,Junior,Logistics
J_002142,Mid,Gaming
J_002143,Senior,SaaS
J_002144,Junior,Cybersecurity
J_002145,Mid,Retail
J_002146,Senior,Logistics
J_002147,Senior,EdTech
J_002148,Mid,FinTech
J_002149,Mid,EdTech
J_002150,Junior,EdTech
J_002151,Junior,E-commerce
J_002152,Mid,Travel
J_002153,Mid,Cybersecurity
J_002154,Junior,E-commerce
J_002155,Senior,E-commerce
J_002156,Senior,Logistics
J_002157,Mid,FinTech
J_002158,Senior,FinTech
J_002159,Junior,Cybersecurity
J_002160,Senior,SaaS
J_002161,Senior,Travel
J_002162,Junior,Healthcare
J_002163,Senior,Cybersecurity
J_002164,Junior,Cybersecurity
J_002165,Mid,Logistics
J_002166,Junior,Travel
J_002167,Mid,Travel
J_002168,Junior,Retail
J_002169,Junior,E-commerce
J_002170,Senior,SaaS
J_002171,Mid,Healthcare
J_002172,Junior,Retail
J_002173,Junior,Cybersecurity
J_002174,Junior,Cybersecurity
J_002175,Mid,E-commerce
J_002176,Junior,E-commerce
J_002177,Junior,SaaS
J_002178,Junior,EdTech
J_002179,Mid,Cybersecurity
J_002180,Mid,Healthcare
J_002181,Junior,Cybersecurity
J_002182,Mid,Logistics
J_002183,Senior,Travel
J_002184,Senior,Healthcare
J_002185,Mid,Retail
J_002186,Mid,Travel
J_002187,Junior,Logistics
J_002188,Junior,Gaming
J_002189,Senior,Travel
J_002190,Senior,Retail
J_002191,Mid,Cybersecurity
J_002192,Mid,Gaming
J_002193,Senior,Gaming
J_002194,Junior,Travel
J_002195,Junior,E-commerce
J_002196,Junior,SaaS
J_002197,Junior,Healthcare
J_002198,Junior,Logistics
J_002199,Junior,Travel
J_002200,Senior,Healthcare
J_002201,Junior,Cybersecurity
J_002202,Senior,Healthcare
J_002203,Senior,Cybersecurity
J_002204,Senior,EdTech
J_002205,Senior,Logistics
J_002206,Junior,SaaS
J_002207,Junior,Travel
J_002208,Junior,Gaming
J_002209,Junior,FinTech
J_002210,Junior,SaaS
J_002211,Senior,Gaming
J_002212,Senior,Logistics
J_002213,Senior,SaaS
J_002214,Junior,E-commerce
J_002215,Junior,FinTech
J_002216,Junior,Retail
J_002217,Junior,EdTech
J_002218,Mid,E-commerce
J_002219,Junior,Gaming
J_002220,Senior,Cybersecurity
J_002221,Senior,Logistics
J_002222,Mid,Gaming
J_002223,Senior,Gaming
J_002224,Mid,Logistics
J_002225,Junior,SaaS
J_002226,Mid,Logistics
J_002227,Mid,FinTech
J_002228,Junior,Gaming
J_002229,Junior,E-commerce
J_002230,Senior,SaaS
J_002231,Mid,Retail
J_002232,Senior,SaaS
J_002233,Senior,SaaS
J_002234,Junior,SaaS
J_002235,Senior,Logistics
J_002236,Junior,SaaS
J_002237,Junior,Travel
J_002238,Junior,FinTech
J_002239,Junior,Logistics
J_002240,Senior,FinTech
J_002241,Mid,SaaS
J_002242,Senior,Retail
J_002243,Junior,Travel
J_002244,Senior,SaaS
J_002245,Mid,Healthcare
J_002246,Senior,Logistics
J_002247,Mid,Gaming
J_002248,Junior,Travel
J_002249,Mid,EdTech
J_002250,Mid,Cybersecurity
J_002251,Mid,Cybersecurity
J_002252,Mid,Cybersecurity
J_002253,Junior,Gaming
J_002254,Junior,Cybersecurity
J_002255,Junior,EdTech
J_002256,Mid,Logistics
J_002257,Mid,SaaS
J_002258,Junior,FinTech
J_002259,Junior,Healthcare
J_002260,Mid,Healthcare
J_002261,Mid,FinTech
J_002262,Senior,EdTech
J_002263,Senior,FinTech
J_002264,Senior,FinTech
J_002265,Junior,Retail
J_002266,Junior,FinTech
J_002267,Senior,Healthcare
J_002268,Mid,FinTech
J_002269,Senior,Gaming
J_002270,Mid,EdTech
J_002271,Junior,SaaS
J_002272,Junior,Travel
J_002273,Mid,Logistics
J_002274,Junior,Travel
J_002275,Senior,EdTech
J_002276,Mid,Healthcare
J_002277,Mid,Logistics
J_002278,Junior,SaaS
J_002279,Junior,SaaS
J_002280,Mid,Travel
J_002281,Junior,Healthcare
J_002282,Senior,Cybersecurity
J_002283,Senior,FinTech
J_002284,Senior,Retail
J_002285,Senior,FinTech
J_002286,Junior,Healthcare
J_002287,Mid,E-commerce
J_002288,Senior,Healthcare
J_002289,Junior,Cybersecurity
J_002290,Mid,Cybersecurity
J_002291,Junior,Healthcare
J_002292,Junior,Cybersecurity
J_002293,Mid,EdTech
J_002294,Senior,FinTech
J_002295,Mid,FinTech
J_002296,Junior,EdTech
J_002297,Junior,Cybersecurity
J_002298,Senior,Travel
J_002299,Junior,Gaming
J_002300,Mid,Logistics
J_002301,Mid,Healthcare
J_002302,Mid,Travel
J_002303,Mid,E-commerce
J_002304,Mid,Cybersecurity
J_002305,Senior,Gaming
J_002306,Junior,Cybersecurity
J_002307,Senior,FinTech
J_002308,Mid,Logistics
J_002309,Mid,Travel
J_002310,Mid,FinTech
J_002311,Senior,Cybersecurity
J_002312,Junior,Cybersecurity
J_002313,Senior,Healthcare
J_002314,Mid,E-commerce
J_002315,Senior,E-commerce
J_002316,Senior,Gaming
J_002317,Senior,Gaming
J_002318,Junior,Gaming
J_002319,Mid,E-commerce
J_002320,Senior,Cybersecurity
J_002321,Mid,Healthcare
J_002322,Junior,Healthcare
J_002323,Junior,Logistics
J_002324,Senior,Healthcare
J_002325,Junior,Logistics
J_002326,Junior,Healthcare
J_002327,Junior,Healthcare
J_002328,Senior,Retail
J_002329,Junior,SaaS
J_002330,Junior,Retail
J_002331,Senior,EdTech
J_002332,Mid,Healthcare
J_002333,Senior,EdTech
J_002334,Junior,Retail
J_002335,Mid,FinTech
J_002336,Senior,Healthcare
J_002337,Senior,Retail
J_002338,Junior,Travel
J_002339,Junior,Travel
J_002340,Mid,Healthcare
J_002341,Junior,Travel
J_002342,Mid,SaaS
J_002343,Senior,SaaS
J_002344,Senior,Logistics
J_002345,Senior,Gaming
J_002346,Mid,EdTech
J_002347,Junior,EdTech
J_002348,Mid,FinTech
J_002349,Mid,Travel
J_002350,Junior,Gaming
J_002351,Junior,SaaS
J_002352,Junior,Logistics
J_002353,Senior,Healthcare
J_002354,Junior,EdTech
J_002355,Senior,SaaS
J_002356,Mid,FinTech
J_002357,Mid,SaaS
J_002358,Senior,Healthcare
J_002359,Senior,E-commerce
J_002360,Senior,EdTech
J_002361,Senior,Cybersecurity
J_002362,Junior,EdTech
J_002363,Mid,Gaming
J_002364,Senior,Retail
J_002365,Senior,Retail
J_002366,Mid,Travel
J_002367,Junior,SaaS
J_002368,Senior,FinTech
J_002369,Junior,SaaS
J_002370,Senior,SaaS
J_002371,Mid,Travel
J_002372,Mid,E-commerce
J_002373,Junior,Gaming
J_002374,Mid,Healthcare
J_002375,Mid,SaaS
J_002376,Senior,Retail
J_002377,Mid,Retail
J_002378,Senior,Logistics
J_002379,Senior,Retail
J_002380,Senior,Logistics
J_002381,Mid,Cybersecurity
J_002382,Junior,Travel
J_002383,Junior,SaaS
J_002384,Senior,Healthcare
J_002385,Mid,FinTech
J_002386,Mid,EdTech
J_002387,Mid,Healthcare
J_002388,Senior,Retail
J_002389,Senior,Cybersecurity
J_002390,Senior,Retail
J_002391,Senior,E-commerce
J_002392,Mid,Healthcare
J_002393,Junior,SaaS
J_002394,Senior,Gaming
J_002395,Mid,FinTech
J_002396,Senior,Travel
J_002397,Mid,Cybersecurity
J_002398,Mid,Retail
J_002399,Junior,Retail
J_002400,Senior,Logistics
J_002401,Mid,Gaming
J_002402,Junior,Healthcare
J_002403,Senior,Logistics
J_002404,Junior,EdTech
J_002405,Senior,Gaming
J_002406,Senior,Gaming
J_002407,Mid,Gaming
J_002408,Senior,Travel
J_002409,Junior,EdTech
J_002410,Mid,Logistics
J_002411,Senior,FinTech
J_002412,Junior,Cybersecurity
J_002413,Mid,Travel
J_002414,Senior,E-commerce
J_002415,Junior,Gaming
J_002416,Junior,Retail
J_002417,Junior,FinTech
J_002418,Mid,Logistics
J_002419,Senior,SaaS
J_002420,Senior,Healthcare
J_002421,Mid,Cybersecurity
J_002422,Mid,FinTech
J_002423,Senior,EdTech
J_002424,Senior,Gaming
J_002425,Mid,EdTech
J_002426,Junior,Travel
J_002427,Mid,SaaS
J_002428,Mid,Gaming
J_002429,Mid,FinTech
J_002430,Senior,Retail
J_002431,Senior,EdTech
J_002432,Mid,FinTech
J_002433,Junior,Healthcare
J_002434,Junior,Healthcare
J_002435,Junior,SaaS
J_002436,Junior,Cybersecurity
J_002437,Junior,Gaming
J_002438,Senior,Cybersecurity
J_002439,Senior,Retail
J_002440,Junior,FinTech
J_002441,Junior,Logistics
J_002442,Senior,SaaS
J_002443,Junior,SaaS
J_002444,Mid,E-commerce
J_002445,Mid,EdTech
J_002446,Senior,E-commerce
J_002447,Senior,Gaming
J_002448,Mid,Healthcare
J_002449,Mid,E-commerce
J_002450,Senior,Retail
J_002451,Senior,FinTech
J_002452,Mid,E-commerce
J_002453,Senior,E-commerce
J_002454,Junior,Cybersecurity
J_002455,Mid,Gaming
J_002456,Junior,EdTech
J_002457,Junior,Logistics
J_002458,Junior,Gaming
J_002459,Mid,Logistics
J_002460,Junior,Healthcare
J_002461,Mid,Cybersecurity
J_002462,Junior,Gaming
J_002463,Junior,Gaming
J_002464,Junior,E-commerce
J_002465,Senior,Healthcare
J_002466,Junior,Travel
J_002467,Junior,Healthcare
J_002468,Junior,Healthcare
J_002469,Senior,FinTech
J_002470,Senior,Retail
J_002471,Mid,Travel
J_002472,Junior,EdTech
J_002473,Senior,EdTech
J_002474,Junior,Healthcare
J_002475,Senior,E-commerce
J_002476,Mid,Healthcare
J_002477,Mid,Logistics
J_002478,Mid,Logistics
J_002479,Junior,Healthcare
J_002480,Senior,Gaming
J_002481,Mid,Healthcare
J_002482,Junior,Retail
J_002483,Senior,Logistics
J_002484,Junior,Cybersecurity
J_002485,Senior,Cybersecurity
J_002486,Mid,FinTech
J_002487,Mid,Gaming
J_002488,Senior,Travel
J_002489,Mid,EdTech
J_002490,Senior,E-commerce
J_002491,Senior,FinTech
J_002492,Mid,E-commerce
J_002493,Senior,Retail
J_002494,Senior,Retail
J_002495,Junior,E-commerce
J_002496,Mid,FinTech
J_002497,Mid,FinTech
J_002498,Senior,FinTech
J_002499,Senior,Cybersecurity
