task,feature_family,graph_version,feature,importance
CV seniority,STRUCTURAL,original,num__pagerank,0.9365216581241826
CV seniority,STRUCTURAL,original,num__bipartite_degree_centrality,0.024927673684678107
CV seniority,STRUCTURAL,original,num__degree,0.024574818150197474
CV seniority,STRUCTURAL,original,num__community_size,0.003281802052917991
CV seniority,STRUCTURAL,original,num__component_size,0.0029835475894213963
CV seniority,STRUCTURAL,original,cat__community_global_3,0.0011156856954033097
CV seniority,STRUCTURAL,original,cat__community_global_6,0.0010187081864507209
CV seniority,STRUCTURAL,original,cat__community_global_1,0.000979662477418594
CV seniority,STRUCTURAL,original,cat__community_global_2,0.0009622649672902662
CV seniority,STRUCTURAL,original,cat__community_global_0,0.0009205032653132132
CV seniority,STRUCTURAL,original,cat__community_global_4,0.0009173326278453139
CV seniority,STRUCTURAL,original,cat__community_global_7,0.0008992765206384913
CV seniority,STRUCTURAL,original,cat__community_global_5,0.0007724304278418033
CV seniority,STRUCTURAL,original,num__is_isolate,0.00012463623040071288
CV seniority,STRUCTURAL,original,cat__community_global_12,0.0
Job seniority,STRUCTURAL,original,num__pagerank,0.9787927829320976
Job seniority,STRUCTURAL,original,num__component_size,0.004786292377819124
Job seniority,STRUCTURAL,original,num__community_size,0.004475888992374618
Job seniority,STRUCTURAL,original,cat__community_global_5,0.002823810676909369
Job seniority,STRUCTURAL,original,cat__community_global_6,0.0018692905395085227
Job seniority,STRUCTURAL,original,cat__community_global_4,0.001655676614279456
Job seniority,STRUCTURAL,original,cat__community_global_1,0.0015210689229014378
Job seniority,STRUCTURAL,original,cat__community_global_2,0.001299469650833206
Job seniority,STRUCTURAL,original,cat__community_global_3,0.001110843974136015
Job seniority,STRUCTURAL,original,cat__community_global_0,0.001058424422191519
Job seniority,STRUCTURAL,original,cat__community_global_7,0.0006064508969490718
Job seniority,STRUCTURAL,original,num__is_isolate,0.0
Job seniority,STRUCTURAL,original,num__bipartite_degree_centrality,0.0
Job seniority,STRUCTURAL,original,num__degree,0.0
Job seniority,STRUCTURAL,enriched,num__pagerank,0.8615276100893567
Job seniority,STRUCTURAL,enriched,num__degree,0.045923425698661216
Job seniority,STRUCTURAL,enriched,num__bipartite_degree_centrality,0.04529655379361032
Job seniority,STRUCTURAL,enriched,num__community_size,0.011679431541954359
Job seniority,STRUCTURAL,enriched,num__component_size,0.011425713274219413
Job seniority,STRUCTURAL,enriched,cat__community_global_5,0.00386232504648022
Job seniority,STRUCTURAL,enriched,cat__community_global_6,0.0037761851054590027
Job seniority,STRUCTURAL,enriched,cat__community_global_4,0.003541384283268129
Job seniority,STRUCTURAL,enriched,cat__community_global_1,0.00314469049329457
Job seniority,STRUCTURAL,enriched,cat__community_global_3,0.0028341278792466534
Job seniority,STRUCTURAL,enriched,cat__community_global_0,0.0026763467718371385
Job seniority,STRUCTURAL,enriched,cat__community_global_2,0.0023289059037829673
Job seniority,STRUCTURAL,enriched,cat__community_global_7,0.001983300118829317
Job seniority,STRUCTURAL,enriched,num__is_isolate,0.0
Job seniority,ALL_SAFE,original,num__emb_223,0.0037626706196583082
Job seniority,ALL_SAFE,original,num__emb_76,0.0037326192013124176
Job seniority,ALL_SAFE,original,num__pagerank,0.003549960047680196
Job seniority,ALL_SAFE,original,num__emb_259,0.003522128256025497
Job seniority,ALL_SAFE,original,num__emb_304,0.003441958356433662
Job seniority,ALL_SAFE,original,num__emb_358,0.003441781557244541
Job seniority,ALL_SAFE,original,num__emb_19,0.0034348648991816702
Job seniority,ALL_SAFE,original,num__emb_174,0.0034025819988791994
Job seniority,ALL_SAFE,original,num__emb_5,0.0034021143379890824
Job seniority,ALL_SAFE,original,num__emb_354,0.0033635760621544674
Job seniority,ALL_SAFE,original,num__emb_273,0.0032587552966396095
Job seniority,ALL_SAFE,original,num__emb_118,0.0032380951090487426
Job seniority,ALL_SAFE,original,num__emb_306,0.003230704744048341
Job seniority,ALL_SAFE,original,num__emb_344,0.0032261749325352175
Job seniority,ALL_SAFE,original,num__emb_182,0.0031991072036972714
Job seniority,ALL_SAFE,enriched,num__pagerank,0.003989318875553119
Job seniority,ALL_SAFE,enriched,num__emb_76,0.0038316343484950752
Job seniority,ALL_SAFE,enriched,num__emb_306,0.00353044608393682
Job seniority,ALL_SAFE,enriched,num__emb_376,0.0035091234848377358
Job seniority,ALL_SAFE,enriched,num__emb_174,0.0034659605236918973
Job seniority,ALL_SAFE,enriched,num__emb_36,0.003452282252208337
Job seniority,ALL_SAFE,enriched,num__emb_19,0.0034113630030926452
Job seniority,ALL_SAFE,enriched,num__emb_273,0.0033840810275117864
Job seniority,ALL_SAFE,enriched,num__emb_252,0.0033826636770376813
Job seniority,ALL_SAFE,enriched,num__emb_259,0.003332004228763861
Job seniority,ALL_SAFE,enriched,num__emb_246,0.0033147818998475196
Job seniority,ALL_SAFE,enriched,num__emb_195,0.0032939554330925808
Job seniority,ALL_SAFE,enriched,num__emb_223,0.0032935990676291557
Job seniority,ALL_SAFE,enriched,num__emb_184,0.003225380893396107
Job seniority,ALL_SAFE,enriched,num__emb_358,0.0031984859173743827
Job industry,STRUCTURAL,original,num__pagerank,0.9801782731439593
Job industry,STRUCTURAL,original,num__community_size,0.004548306477941161
Job industry,STRUCTURAL,original,num__component_size,0.003974916116477839
Job industry,STRUCTURAL,original,cat__community_global_3,0.0017265077379836602
Job industry,STRUCTURAL,original,cat__community_global_2,0.0016568009578876274
Job industry,STRUCTURAL,original,cat__community_global_4,0.0015916161498546575
Job industry,STRUCTURAL,original,cat__community_global_1,0.0014394813080322781
Job industry,STRUCTURAL,original,cat__community_global_6,0.001336604436409042
Job industry,STRUCTURAL,original,cat__community_global_0,0.0012792729748067383
Job industry,STRUCTURAL,original,cat__community_global_5,0.001162912789248676
Job industry,STRUCTURAL,original,cat__community_global_7,0.001105307907398981
Job industry,STRUCTURAL,original,num__is_isolate,0.0
Job industry,STRUCTURAL,original,num__bipartite_degree_centrality,0.0
Job industry,STRUCTURAL,original,num__degree,0.0
Job industry,STRUCTURAL,enriched,num__pagerank,0.8336663522665847
Job industry,STRUCTURAL,enriched,num__degree,0.04935442133603879
Job industry,STRUCTURAL,enriched,num__bipartite_degree_centrality,0.04866635098129042
Job industry,STRUCTURAL,enriched,num__community_size,0.016258891666190045
Job industry,STRUCTURAL,enriched,num__component_size,0.014806357643461209
Job industry,STRUCTURAL,enriched,cat__community_global_1,0.005825948762331548
Job industry,STRUCTURAL,enriched,cat__community_global_3,0.005205629244120785
Job industry,STRUCTURAL,enriched,cat__community_global_6,0.004805986410077611
Job industry,STRUCTURAL,enriched,cat__community_global_4,0.004757862145775906
Job industry,STRUCTURAL,enriched,cat__community_global_5,0.004413304042558908
Job industry,STRUCTURAL,enriched,cat__community_global_2,0.004317141366134557
Job industry,STRUCTURAL,enriched,cat__community_global_7,0.004018940843645442
Job industry,STRUCTURAL,enriched,cat__community_global_0,0.0039028132917902567
Job industry,STRUCTURAL,enriched,num__is_isolate,0.0
