task,method,feature_family,graph_version,split,accuracy,balanced_accuracy,macro_f1,weighted_f1,precision_macro,recall_macro
CV seniority,Dummy,STRUCTURAL,original,validation,0.3373333333333333,0.3333333333333333,0.1681621801262878,0.17018012628780327,0.11244444444444444,0.3333333333333333
CV seniority,Logistic Regression,STRUCTURAL,original,validation,0.33266666666666667,0.33314275412603944,0.33167458909338177,0.3315577161001473,0.3348395974794649,0.33314275412603944
CV seniority,Random Forest,STRUCTURAL,original,validation,0.334,0.3339674538272712,0.3339981065043867,0.3340910193216002,0.3341311758097208,0.3339674538272712
CV seniority,Random Forest,STRUCTURAL,original,test,0.3473333333333333,0.347309534266056,0.3471907589841778,0.3472249340222234,0.34721244048153466,0.347309534266056
CV seniority,Dummy,STRUCTURAL,enriched,validation,0.3373333333333333,0.3333333333333333,0.1681621801262878,0.17018012628780327,0.11244444444444444,0.3333333333333333
CV seniority,Logistic Regression,STRUCTURAL,enriched,validation,0.32133333333333336,0.32154085507243707,0.31713298972660703,0.3171159201333985,0.3222305234320153,0.32154085507243707
CV seniority,Random Forest,STRUCTURAL,enriched,validation,0.316,0.3162313350566852,0.31603810420512307,0.31586817467136397,0.3159391129385006,0.3162313350566852
CV seniority,Logistic Regression,STRUCTURAL,enriched,test,0.314,0.31408031811758524,0.31168825520469384,0.3117249986449905,0.3144219336658633,0.31408031811758524
CV seniority,Dummy,SEMANTIC,invariant,validation,0.3373333333333333,0.3333333333333333,0.1681621801262878,0.17018012628780327,0.11244444444444444,0.3333333333333333
CV seniority,Logistic Regression,SEMANTIC,invariant,validation,0.868,0.8686430659603704,0.8681133836191236,0.8674523501880724,0.8681121122438807,0.8686430659603704
CV seniority,Random Forest,SEMANTIC,invariant,validation,0.822,0.8224977018907546,0.8208691122671125,0.8203937863197279,0.8205509049295617,0.8224977018907546
CV seniority,Logistic Regression,SEMANTIC,invariant,test,0.8773333333333333,0.8776744821775878,0.8769031897315346,0.8765548003008986,0.8768142360349321,0.8776744821775878
CV seniority,Dummy,INTERNAL_SKILLS,invariant,validation,0.3373333333333333,0.3333333333333333,0.1681621801262878,0.17018012628780327,0.11244444444444444,0.3333333333333333
CV seniority,Logistic Regression,INTERNAL_SKILLS,invariant,validation,0.3433333333333333,0.3429534177744262,0.337399882239354,0.33758979447992576,0.3419577375828336,0.3429534177744262
CV seniority,Random Forest,INTERNAL_SKILLS,invariant,validation,0.32,0.32074746284977923,0.31583596599300434,0.31545677348324086,0.31954789594133853,0.32074746284977923
CV seniority,Logistic Regression,INTERNAL_SKILLS,invariant,test,0.316,0.3155371371209881,0.31224761408450225,0.3125056746461328,0.3154425403844973,0.3155371371209881
CV seniority,Dummy,ALL_SAFE,original,validation,0.3373333333333333,0.3333333333333333,0.1681621801262878,0.17018012628780327,0.11244444444444444,0.3333333333333333
CV seniority,Logistic Regression,ALL_SAFE,original,validation,0.8673333333333333,0.8679692295716634,0.8679681173820883,0.8672624966323981,0.8681574664423687,0.8679692295716634
CV seniority,Random Forest,ALL_SAFE,original,validation,0.82,0.820409517612204,0.8189259487918562,0.81850006054129,0.8188734564223229,0.820409517612204
CV seniority,Logistic Regression,ALL_SAFE,original,test,0.8806666666666667,0.8809924145327872,0.8801516760675813,0.8798145220990482,0.8801733034411586,0.8809924145327872
CV seniority,Dummy,ALL_SAFE,enriched,validation,0.3373333333333333,0.3333333333333333,0.1681621801262878,0.17018012628780327,0.11244444444444444,0.3333333333333333
CV seniority,Logistic Regression,ALL_SAFE,enriched,validation,0.866,0.8666261958284386,0.86656740965131,0.8658699000263627,0.8667550062927899,0.8666261958284386
CV seniority,Random Forest,ALL_SAFE,enriched,validation,0.8186666666666667,0.819133884580776,0.8175958320814547,0.8171328150268659,0.8172720520956194,0.819133884580776
CV seniority,Logistic Regression,ALL_SAFE,enriched,test,0.8806666666666667,0.8809924145327872,0.8801516760675813,0.8798145220990482,0.8801733034411586,0.8809924145327872
CV specialization proxy,Dummy,STRUCTURAL,original,validation,0.684,0.5,0.40617577197149646,0.5556484560570072,0.342,0.5
CV specialization proxy,Logistic Regression,STRUCTURAL,original,validation,0.9453333333333334,0.9600389863547758,0.9393819920161648,0.9463716524567543,0.9262589928057554,0.9600389863547758
CV specialization proxy,Random Forest,STRUCTURAL,original,validation,0.936,0.9344881190317567,0.9271813729952122,0.9365068176439533,0.920933734939759,0.9344881190317567
CV specialization proxy,Logistic Regression,STRUCTURAL,original,test,0.9453333333333334,0.9594714634687986,0.9393256564667998,0.946351583649695,0.9263667656329901,0.9594714634687986
CV specialization proxy,Dummy,STRUCTURAL,enriched,validation,0.684,0.5,0.40617577197149646,0.5556484560570072,0.342,0.5
CV specialization proxy,Logistic Regression,STRUCTURAL,enriched,validation,0.9453333333333334,0.9600389863547758,0.9393819920161648,0.9463716524567543,0.9262589928057554,0.9600389863547758
CV specialization proxy,Random Forest,STRUCTURAL,enriched,validation,0.9366666666666666,0.9378130628963408,0.9282777448107061,0.9373044209598098,0.9205134585873667,0.9378130628963408
CV specialization proxy,Logistic Regression,STRUCTURAL,enriched,test,0.9453333333333334,0.9594714634687986,0.9393256564667998,0.946351583649695,0.9263667656329901,0.9594714634687986
Job seniority,Dummy,STRUCTURAL,original,validation,0.344,0.3333333333333333,0.1706349206349206,0.17609523809523808,0.11466666666666665,0.3333333333333333
Job seniority,Logistic Regression,STRUCTURAL,original,validation,0.2986666666666667,0.2998676498392891,0.29455812266932974,0.29414148900291687,0.3023706657804364,0.2998676498392891
Job seniority,Random Forest,STRUCTURAL,original,validation,0.35733333333333334,0.35684124283103297,0.3553576116845611,0.35587344028520496,0.3590935672985107,0.35684124283103297
Job seniority,Random Forest,STRUCTURAL,original,test,0.2986666666666667,0.2993234493836874,0.2989121877549229,0.2982780472787883,0.29949520319001816,0.2993234493836874
Job seniority,Dummy,STRUCTURAL,enriched,validation,0.344,0.3333333333333333,0.1706349206349206,0.17609523809523808,0.11466666666666665,0.3333333333333333
Job seniority,Logistic Regression,STRUCTURAL,enriched,validation,0.2986666666666667,0.29961555429507786,0.296241426611797,0.29591045267489713,0.30061582809224313,0.29961555429507786
Job seniority,Random Forest,STRUCTURAL,enriched,validation,0.3413333333333333,0.34108527131782945,0.3411709519982477,0.34143984322541976,0.3414084383753502,0.34108527131782945
Job seniority,Random Forest,STRUCTURAL,enriched,test,0.30133333333333334,0.3020771865984789,0.30026095629666594,0.2998061667012372,0.3005651034727773,0.3020771865984789
Job seniority,Dummy,SEMANTIC,invariant,validation,0.344,0.3333333333333333,0.1706349206349206,0.17609523809523808,0.11466666666666665,0.3333333333333333
Job seniority,Logistic Regression,SEMANTIC,invariant,validation,0.32,0.31965715005987266,0.31947950819672133,0.3198678360655738,0.31938569662263294,0.31965715005987266
Job seniority,Random Forest,SEMANTIC,invariant,validation,0.2986666666666667,0.29785088548559907,0.2971810048081235,0.29756896587405063,0.298678682198579,0.29785088548559907
Job seniority,Logistic Regression,SEMANTIC,invariant,test,0.31466666666666665,0.31380925452399683,0.3127619165582874,0.31343002828182737,0.3124511082138201,0.31380925452399683
Job seniority,Dummy,ALL_SAFE,original,validation,0.344,0.3333333333333333,0.1706349206349206,0.17609523809523808,0.11466666666666665,0.3333333333333333
Job seniority,Logistic Regression,ALL_SAFE,original,validation,0.30933333333333335,0.3095733282914224,0.3095883339785779,0.30946031746031744,0.3098254238356337,0.3095733282914224
Job seniority,Random Forest,ALL_SAFE,original,validation,0.3253333333333333,0.32482510871620346,0.32466580196334327,0.32484341190565236,0.3259491466388018,0.32482510871620346
Job seniority,Random Forest,ALL_SAFE,original,test,0.336,0.33580705262697785,0.3351037762657702,0.3352058292718236,0.3362407994001438,0.33580705262697785
Job seniority,Dummy,ALL_SAFE,enriched,validation,0.344,0.3333333333333333,0.1706349206349206,0.17609523809523808,0.11466666666666665,0.3333333333333333
Job seniority,Logistic Regression,ALL_SAFE,enriched,validation,0.312,0.3119052120753765,0.31203054227498755,0.3121431119643465,0.3122017660369933,0.3119052120753765
Job seniority,Random Forest,ALL_SAFE,enriched,validation,0.31466666666666665,0.31398500031511944,0.31334024397759513,0.31352821350151544,0.3162887717343163,0.31398500031511944
Job seniority,Random Forest,ALL_SAFE,enriched,test,0.344,0.3437691231751027,0.3420252651489563,0.34224071697178504,0.3432239283200305,0.3437691231751027
Job industry,Dummy,STRUCTURAL,original,validation,0.11466666666666667,0.1,0.020574162679425835,0.02359170653907496,0.011466666666666667,0.1
Job industry,Logistic Regression,STRUCTURAL,original,validation,0.08266666666666667,0.0828133423721659,0.08055959076463208,0.08071164315352329,0.08483621931282677,0.0828133423721659
Job industry,Random Forest,STRUCTURAL,original,validation,0.10666666666666667,0.10577690318456393,0.10474219781235514,0.10566685629628773,0.10439851936101933,0.10577690318456393
Job industry,Random Forest,STRUCTURAL,original,test,0.064,0.06380526513955495,0.06340586019396616,0.06362494609602579,0.06352849047971,0.06380526513955495
Job industry,Dummy,STRUCTURAL,enriched,validation,0.11466666666666667,0.1,0.020574162679425835,0.02359170653907496,0.011466666666666667,0.1
Job industry,Logistic Regression,STRUCTURAL,enriched,validation,0.10666666666666667,0.10815461565461564,0.09977945802172124,0.0989998979335302,0.10195249503546597,0.10815461565461564
Job industry,Random Forest,STRUCTURAL,enriched,validation,0.104,0.1063105733693969,0.10540855932424176,0.1032940036860594,0.10509816684593047,0.1063105733693969
Job industry,Random Forest,STRUCTURAL,enriched,test,0.13333333333333333,0.1360276974695913,0.13171413815034472,0.13026472830162802,0.1312667443430003,0.1360276974695913
Job industry,Dummy,SEMANTIC,invariant,validation,0.11466666666666667,0.1,0.020574162679425835,0.02359170653907496,0.011466666666666667,0.1
Job industry,Logistic Regression,SEMANTIC,invariant,validation,1.0,1.0,1.0,1.0,1.0,1.0
Job industry,Random Forest,SEMANTIC,invariant,validation,0.984,0.9829033579033579,0.9829033579033579,0.984,0.9829033579033579,0.9829033579033579
Job industry,Logistic Regression,SEMANTIC,invariant,test,1.0,1.0,1.0,1.0,1.0,1.0
Job industry,Dummy,ALL_SAFE,original,validation,0.11466666666666667,0.1,0.020574162679425835,0.02359170653907496,0.011466666666666667,0.1
Job industry,Logistic Regression,ALL_SAFE,original,validation,1.0,1.0,1.0,1.0,1.0,1.0
Job industry,Random Forest,ALL_SAFE,original,validation,0.9786666666666667,0.9770952770952771,0.9770952770952771,0.9786666666666667,0.9770952770952771,0.9770952770952771
Job industry,Logistic Regression,ALL_SAFE,original,test,1.0,1.0,1.0,1.0,1.0,1.0
Job industry,Dummy,ALL_SAFE,enriched,validation,0.11466666666666667,0.1,0.020574162679425835,0.02359170653907496,0.011466666666666667,0.1
Job industry,Logistic Regression,ALL_SAFE,enriched,validation,1.0,1.0,1.0,1.0,1.0,1.0
Job industry,Random Forest,ALL_SAFE,enriched,validation,0.9786666666666667,0.9770202020202021,0.9768138528138527,0.9783974603174603,0.9768224036025893,0.9770202020202021
Job industry,Logistic Regression,ALL_SAFE,enriched,test,1.0,1.0,1.0,1.0,1.0,1.0
Job specialization proxy,Dummy,STRUCTURAL,original,validation,0.7466666666666667,0.5,0.42748091603053434,0.6383715012722646,0.37333333333333335,0.5
Job specialization proxy,Logistic Regression,STRUCTURAL,original,validation,0.856,0.9035714285714286,0.8359845785006155,0.864250631763105,0.8187919463087248,0.9035714285714286
Job specialization proxy,Random Forest,STRUCTURAL,original,validation,0.864,0.8602443609022556,0.832795656621292,0.8684302462821623,0.8159829848974477,0.8602443609022556
Job specialization proxy,Logistic Regression,STRUCTURAL,original,test,0.9146666666666666,0.942652329749104,0.8981531776208582,0.9181662140141228,0.875,0.942652329749104
Job specialization proxy,Dummy,STRUCTURAL,enriched,validation,0.7466666666666667,0.5,0.42748091603053434,0.6383715012722646,0.37333333333333335,0.5
Job specialization proxy,Logistic Regression,STRUCTURAL,enriched,validation,0.856,0.9035714285714286,0.8359845785006155,0.864250631763105,0.8187919463087248,0.9035714285714286
Job specialization proxy,Random Forest,STRUCTURAL,enriched,validation,0.8586666666666667,0.8497180451127819,0.8252424623446966,0.8629465952688702,0.8096292104912794,0.8497180451127819
Job specialization proxy,Logistic Regression,STRUCTURAL,enriched,test,0.9146666666666666,0.942652329749104,0.8981531776208582,0.9181662140141228,0.875,0.942652329749104
seniority (CV),Relational probabilistic classifier,RELATIONAL,original,validation,0.35551075268817206,0.3549151393463607,0.3550369984069353,0.3554709864741523,0.3556508743854077,0.3549151393463607
seniority (Job),Relational probabilistic classifier,RELATIONAL,original,validation,0.35142118863049093,0.35277843201909337,0.3501666911528137,0.35047239085553883,0.3520331330065843,0.35277843201909337
seniority (CV),Relational probabilistic classifier,RELATIONAL,original,test,0.33003300330033003,0.3298582901650277,0.3296424570467062,0.32973715321137986,0.3306849255372592,0.3298582901650277
seniority (Job),Relational probabilistic classifier,RELATIONAL,original,test,0.35,0.3486215538847118,0.3485308916771184,0.3494863367390274,0.3491441058923434,0.3486215538847118
seniority (CV),Relational probabilistic classifier,RELATIONAL,enriched,validation,0.353494623655914,0.35291955709041417,0.35294644203082465,0.35325308942395933,0.35408637589758074,0.35291955709041417
seniority (Job),Relational probabilistic classifier,RELATIONAL,enriched,validation,0.3669250645994832,0.3682808108405169,0.3651123768893889,0.3653451161312805,0.3666752307545913,0.3682808108405169
seniority (CV),Relational probabilistic classifier,RELATIONAL,enriched,test,0.3326732673267327,0.33246462949084526,0.33216309472552935,0.33226373877450305,0.33310808973025163,0.33246462949084526
seniority (Job),Relational probabilistic classifier,RELATIONAL,enriched,test,0.3611111111111111,0.36033138401559456,0.36042021943375063,0.36082234569794586,0.3610161443494777,0.36033138401559456
industry (CV),Relational probabilistic classifier,RELATIONAL,original,validation,0.09115281501340483,0.09141539432488174,0.0909216804398423,0.09086946028662246,0.09195461538135034,0.09141539432488174
industry (Job),Relational probabilistic classifier,RELATIONAL,original,validation,0.10182767624020887,0.10530451731766252,0.10315904783137861,0.10026978067599727,0.10292276710124026,0.10530451731766252
industry (CV),Relational probabilistic classifier,RELATIONAL,original,test,0.09713905522288756,0.09752815006910187,0.09626338457379395,0.09612218227156617,0.09642506865686232,0.09752815006910187
industry (Job),Relational probabilistic classifier,RELATIONAL,original,test,0.08333333333333333,0.08211808487350283,0.08247076860395368,0.08453032430494828,0.08484568126808215,0.08211808487350283
industry (CV),Relational probabilistic classifier,RELATIONAL,enriched,validation,0.14611260053619302,0.14641748990546427,0.1459546485670962,0.14594843156468676,0.1476608683218903,0.14641748990546427
industry (Job),Relational probabilistic classifier,RELATIONAL,enriched,validation,0.31592689295039167,0.31246142527881127,0.3134796253759072,0.3171548500709577,0.3228022018969177,0.31246142527881127
industry (CV),Relational probabilistic classifier,RELATIONAL,enriched,test,0.1596806387225549,0.15970986648320434,0.1584450325879242,0.1587407689644469,0.15970672370368094,0.15970986648320434
industry (Job),Relational probabilistic classifier,RELATIONAL,enriched,test,0.27419354838709675,0.271476973963429,0.27175599118296667,0.2766401217162765,0.2779419924234078,0.271476973963429
specialization proxy (CV),Relational probabilistic classifier,RELATIONAL,original,validation,0.9287141905396402,0.9060233918128655,0.9155827192848286,0.9278047474290875,0.9273049032776336,0.9060233918128655
specialization proxy (Job),Relational probabilistic classifier,RELATIONAL,original,validation,0.8903743315508021,0.9267857142857143,0.870981312736115,0.8958578748018516,0.8481481481481481,0.9267857142857143
specialization proxy (CV),Relational probabilistic classifier,RELATIONAL,original,test,0.9179790026246719,0.8893078682662245,0.9016487388580412,0.9165326829674019,0.9178173241852488,0.8893078682662245
specialization proxy (Job),Relational probabilistic classifier,RELATIONAL,original,test,0.9145299145299145,0.9387362637362637,0.8980836236933798,0.9177958446251129,0.8759960880904085,0.9387362637362637
specialization proxy (CV),Relational probabilistic classifier,RELATIONAL,enriched,validation,0.9307128580946036,0.9091812865497075,0.9181020733652312,0.9298992590798054,0.9288779012749264,0.9091812865497075
specialization proxy (Job),Relational probabilistic classifier,RELATIONAL,enriched,validation,0.893048128342246,0.9285714285714286,0.8738191632928476,0.8983163379448209,0.8507462686567164,0.9285714285714286
specialization proxy (CV),Relational probabilistic classifier,RELATIONAL,enriched,test,0.9186351706036745,0.8903517096023414,0.9024980187557786,0.9172296767330514,0.9183321736337847,0.8903517096023414
specialization proxy (Job),Relational probabilistic classifier,RELATIONAL,enriched,test,0.9145299145299145,0.9423076923076923,0.8986330381209088,0.9179608950498439,0.8760330578512396,0.9423076923076923
